0.00000, -0.00202, -0.00000, 0.00000, 0.00000, -0.00000, 0.00012, 35.81593, -0.00000, 0.00000
0.02000, -0.00202, -0.00000, 0.00017, 0.01720, -0.00000, 0.00012, 35.81593, -0.00000, 0.00000
0.04000, -0.00202, -0.32600, 0.00069, 0.03440, -0.00000, 0.00012, 35.81593, -0.00000, 0.00000
0.06000, -0.01506, -0.46625, 0.00155, 0.05160, -0.00000, 0.00046, 35.81593, -0.00000, 0.00000
0.08000, -0.02067, -0.17575, 0.00275, 0.06880, -0.00000, 0.00098, 35.81593, -0.00000, 0.00000
0.10000, -0.02209, -1.06450, 0.00430, 0.08600, -0.00001, 0.00214, 35.81593, -0.00000, 0.00000
0.12000, -0.06325, -3.00700, 0.00619, 0.10320, -0.00001, 0.00348, 35.81593, -0.00000, 0.00000
0.14000, -0.14237, -2.04200, 0.00843, 0.12040, -0.00002, 0.00524, 35.81593, -0.00000, 0.00000
0.16000, -0.14493, 0.34075, 0.01101, 0.13760, -0.00004, 0.00760, 35.81593, -0.00000, 0.00000
0.18000, -0.12874, 0.26350, 0.01393, 0.15480, -0.00005, 0.01014, 35.81593, -0.00000, 0.00000
0.20000, -0.13439, -0.09600, 0.01720, 0.17200, -0.00006, 0.01199, 35.81593, -0.00000, 0.00000
0.22000, -0.13258, -0.10475, 0.02081, 0.18920, -0.00008, 0.01463, 35.81593, -0.00000, 0.00000
0.24000, -0.13858, -0.31775, 0.02477, 0.20640, -0.00009, 0.01714, 35.81593, -0.00000, 0.00000
0.26000, -0.14529, -1.10875, 0.02907, 0.22360, -0.00010, 0.01946, 35.81593, -0.00000, 0.00000
0.28000, -0.18293, -1.63800, 0.03371, 0.24080, -0.00013, 0.02280, 35.81593, -0.00000, 0.00000
0.30000, -0.21081, -1.09125, 0.03870, 0.25800, -0.00016, 0.02777, 35.81593, -0.00000, 0.00000
0.32000, -0.22658, -0.43775, 0.04403, 0.27520, -0.00019, 0.03236, 35.81593, -0.00000, 0.00000
0.34000, -0.22832, -0.17400, 0.04971, 0.29240, -0.00023, 0.03692, 35.81593, -0.00000, 0.00000
0.36000, -0.23354, -0.85675, 0.05573, 0.30960, -0.00027, 0.04222, 35.81593, -0.00000, 0.00000
0.38000, -0.26259, -1.10900, 0.06209, 0.32680, -0.00031, 0.04803, 35.81593, -0.00000, 0.00000
0.40000, -0.27790, -1.03075, 0.06880, 0.34400, -0.00033, 0.05037, 35.81593, -0.00000, 0.00000
0.42000, -0.30382, -0.77675, 0.07585, 0.36120, -0.00038, 0.05689, 35.81593, -0.00000, 0.00000
0.44000, -0.30897, 0.00450, 0.08325, 0.37840, -0.00044, 0.06363, 35.81593, -0.00000, 0.00000
0.46000, -0.30364, 0.54950, 0.09099, 0.39560, -0.00051, 0.07210, 35.81593, -0.00000, 0.00000
0.48000, -0.28699, 1.03675, 0.09907, 0.41280, -0.00059, 0.08080, 35.81593, -0.00000, 0.00000
0.50000, -0.26217, 0.96050, 0.10750, 0.43000, -0.00064, 0.08774, 35.81593, -0.00000, 0.00000
0.52000, -0.24857, 1.02000, 0.11627, 0.44720, -0.00070, 0.09449, 35.81593, -0.00000, 0.00000
0.54000, -0.22137, 0.80350, 0.12539, 0.46440, -0.00075, 0.10193, 35.81593, -0.00000, 0.00000
0.56000, -0.21643, -0.30000, 0.13485, 0.48160, -0.00083, 0.11352, 35.81593, -0.00000, 0.00000
0.58000, -0.23337, -0.99350, 0.14465, 0.49880, -0.00091, 0.12338, 35.81593, -0.00000, 0.00000
0.60000, -0.25617, -0.86650, 0.15480, 0.51600, -0.00098, 0.13306, 35.81593, -0.00000, 0.00000
0.62000, -0.26803, -1.12125, 0.16529, 0.53320, -0.00104, 0.14080, 35.81593, -0.00000, 0.00000
0.64000, -0.30102, -2.11750, 0.17613, 0.55040, -0.00114, 0.15321, 35.81593, -0.00000, 0.00000
0.66000, -0.35273, -2.73175, 0.18731, 0.56760, -0.00122, 0.16150, 35.81593, -0.00000, 0.00000
0.68000, -0.41029, -2.25325, 0.19883, 0.58480, -0.00133, 0.17212, 35.81593, -0.00000, 0.00000
0.70000, -0.44286, -0.95450, 0.21070, 0.60200, -0.00144, 0.18255, 35.81593, -0.00000, 0.00000
0.72000, -0.44847, -0.44825, 0.22291, 0.61920, -0.00156, 0.19360, 35.81593, -0.00000, 0.00000
0.74000, -0.46079, -1.34675, 0.23547, 0.63640, -0.00177, 0.21192, 35.81593, -0.00000, 0.00000
0.76000, -0.50234, -2.27200, 0.24837, 0.65360, -0.00189, 0.22290, 35.81593, -0.00000, 0.00000
0.78000, -0.55167, -4.95925, 0.26161, 0.67080, -0.00203, 0.23386, 35.81593, -0.00000, 0.00000
0.80000, -0.70071, -5.79025, 0.27520, 0.68800, -0.00226, 0.24946, 35.81593, -0.00000, 0.00000
0.82000, -0.78328, -4.65750, 0.28913, 0.70520, -0.00241, 0.25851, 35.81593, -0.00000, 0.00000
0.84000, -0.88701, -4.10075, 0.30341, 0.72240, -0.00273, 0.27657, 35.81593, -0.00000, 0.00000
0.86000, -0.94731, -2.46800, 0.31803, 0.73960, -0.00296, 0.28874, 35.81593, -0.00000, 0.00000
0.88000, -0.98573, -2.47075, 0.33299, 0.75680, -0.00322, 0.30167, 35.81593, -0.00000, 0.00000
0.90000, -1.04614, -2.92975, 0.34830, 0.77400, -0.00365, 0.32226, 35.81593, -0.00000, 0.00000
0.92000, -1.10292, -2.55600, 0.36395, 0.79120, -0.00394, 0.33527, 35.81593, -0.00000, 0.00000
0.94000, -1.14838, -1.88400, 0.37995, 0.80840, -0.00419, 0.34632, 35.81593, -0.00000, 0.00000
0.96000, -1.17828, -1.87400, 0.39629, 0.82560, -0.00471, 0.36809, 35.81593, -0.00000, 0.00000
0.98000, -1.22334, -2.62425, 0.41297, 0.84280, -0.00504, 0.38191, 35.81593, -0.00000, 0.00000
1.00000, -1.28325, -3.55300, 0.43000, 0.86000, -0.00538, 0.39564, 35.81593, -0.00000, 0.00000
1.02000, -1.36546, -4.22675, 0.44737, 0.87720, -0.00596, 0.41757, 35.81593, -0.00000, 0.00000
1.04000, -1.45232, -5.23350, 0.46509, 0.89440, -0.00628, 0.42902, 35.81593, -0.00000, 0.00000
1.06000, -1.57480, -5.12625, 0.48315, 0.91160, -0.00677, 0.44536, 35.81593, -0.00000, 0.00000
1.08000, -1.65737, -4.18700, 0.50155, 0.92880, -0.00751, 0.46864, 35.81593, -0.00000, 0.00000
1.10000, -1.74228, -5.63475, 0.52030, 0.94600, -0.00800, 0.48355, 35.81593, -0.00000, 0.00000
1.12000, -1.88276, -5.31250, 0.53939, 0.96320, -0.00884, 0.50726, 35.81593, -0.00000, 0.00000
1.14000, -1.95478, -3.34975, 0.55883, 0.98040, -0.00938, 0.52192, 35.81593, -0.00000, 0.00000
1.16000, -2.01675, -1.32825, 0.57861, 0.99760, -0.01016, 0.54227, 35.81593, -0.00000, 0.00000
1.18000, -2.00791, 1.66100, 0.59873, 1.01480, -0.01083, 0.55956, 35.81593, -0.00000, 0.00000
1.20000, -1.95031, 2.62775, 0.61920, 1.03200, -0.01163, 0.58062, 35.81593, -0.00000, 0.00000
1.22000, -1.90280, 2.44400, 0.64001, 1.04920, -0.01255, 0.60543, 35.81593, -0.00000, 0.00000
1.24000, -1.85255, 2.96875, 0.66117, 1.06640, -0.01304, 0.61919, 35.81593, -0.00000, 0.00000
1.26000, -1.78405, 3.46500, 0.68267, 1.08360, -0.01378, 0.64027, 35.81593, -0.00000, 0.00000
1.28000, -1.71395, 3.04775, 0.70451, 1.10080, -0.01471, 0.66748, 35.81593, -0.00000, 0.00000
1.30000, -1.66214, 1.96725, 0.72670, 1.11800, -0.01529, 0.68540, 35.81593, -0.00000, 0.00000
1.32000, -1.63526, 4.39725, 0.74923, 1.13520, -0.01575, 0.69955, 35.81593, -0.00000, 0.00000
1.34000, -1.48625, 7.11025, 0.77211, 1.15240, -0.01665, 0.72908, 35.81593, -0.00000, 0.00000
1.36000, -1.35085, 8.15600, 0.79533, 1.16960, -0.01715, 0.74702, 35.81593, -0.00000, 0.00000
1.38000, -1.16001, 8.70300, 0.81889, 1.18680, -0.01771, 0.76938, 35.81593, -0.00000, 0.00000
1.40000, -1.00273, 8.58475, 0.84280, 1.20400, -0.01818, 0.79068, 35.81593, -0.00000, 0.00000
1.42000, -0.81662, 6.78775, 0.86705, 1.22120, -0.01869, 0.81812, 35.81593, -0.00000, 0.00000
1.44000, -0.73122, 2.00275, 0.89165, 1.23840, -0.01901, 0.83712, 35.81593, -0.00000, 0.00000
1.46000, -0.73651, -1.97175, 0.91659, 1.25560, -0.01949, 0.86705, 35.81593, -0.00000, 0.00000
1.48000, -0.81009, -3.17200, 0.94187, 1.27280, -0.01995, 0.89439, 35.81593, -0.00000, 0.00000
1.50000, -0.86339, -1.85375, 0.96750, 1.29000, -0.02034, 0.91591, 35.81593, -0.00000, 0.00000
1.52000, -0.88424, -0.83725, 0.99347, 1.30720, -0.02076, 0.93887, 35.81593, -0.00000, 0.00000
1.54000, -0.89688, -1.21975, 1.01979, 1.32440, -0.02118, 0.96067, 35.81593, -0.00000, 0.00000
1.56000, -0.93303, -0.27275, 1.04645, 1.34160, -0.02186, 0.99587, 35.81593, -0.00000, 0.00000
1.58000, -0.90779, 4.83475, 1.07345, 1.35880, -0.02223, 1.01469, 35.81593, -0.00000, 0.00000
1.60000, -0.73964, 9.35550, 1.10080, 1.37600, -0.02288, 1.05128, 35.81593, -0.00000, 0.00000
1.62000, -0.53357, 8.92750, 1.12849, 1.39320, -0.02317, 1.07149, 35.81593, -0.00000, 0.00000
1.64000, -0.38254, 6.87750, 1.15653, 1.41040, -0.02353, 1.10395, 35.81593, -0.00000, 0.00000
1.66000, -0.25847, 5.41275, 1.18491, 1.42760, -0.02369, 1.12153, 35.81593, -0.00000, 0.00000
1.68000, -0.16603, 4.12375, 1.21363, 1.44480, -0.02389, 1.15077, 35.81593, -0.00000, 0.00000
1.70000, -0.09352, 3.08675, 1.24270, 1.46200, -0.02404, 1.17687, 35.81593, -0.00000, 0.00000
1.72000, -0.04256, -0.19525, 1.27211, 1.47920, -0.02419, 1.21328, 35.81593, -0.00000, 0.00000
1.74000, -0.10133, -3.87525, 1.30187, 1.49640, -0.02430, 1.23850, 35.81593, -0.00000, 0.00000
1.76000, -0.19757, -7.23550, 1.33197, 1.51360, -0.02445, 1.26404, 35.81593, -0.00000, 0.00000
1.78000, -0.39075, -9.88200, 1.36241, 1.53080, -0.02476, 1.30323, 35.81593, -0.00000, 0.00000
1.80000, -0.59285, -10.28075, 1.39320, 1.54800, -0.02503, 1.32890, 35.81593, -0.00000, 0.00000
1.82000, -0.80198, -10.80800, 1.42433, 1.56520, -0.02558, 1.36530, 35.81593, -0.00000, 0.00000
1.84000, -1.02517, -13.25025, 1.45581, 1.58240, -0.02604, 1.38955, 35.81593, -0.00000, 0.00000
1.86000, -1.33199, -16.54300, 1.48763, 1.59960, -0.02658, 1.41333, 35.81593, -0.00000, 0.00000
1.88000, -1.68689, -14.20000, 1.51979, 1.61680, -0.02778, 1.45460, 35.81593, -0.00000, 0.00000
1.90000, -1.89999, -6.77475, 1.55230, 1.63400, -0.02914, 1.49464, 35.81593, -0.00000, 0.00000
1.92000, -1.95788, -5.74950, 1.58515, 1.65120, -0.02998, 1.51719, 35.81593, -0.00000, 0.00000
1.94000, -2.12997, -9.41500, 1.61835, 1.66840, -0.03147, 1.55540, 35.81593, -0.00000, 0.00000
1.96000, -2.33448, -6.51100, 1.65189, 1.68560, -0.03291, 1.58960, 35.81593, -0.00000, 0.00000
1.98000, -2.39041, -4.61725, 1.68577, 1.70280, -0.03430, 1.62083, 35.81593, -0.00000, 0.00000
2.00000, -2.51917, -5.25575, 1.72000, 1.72000, -0.03585, 1.65404, 35.81593, -0.00000, 0.00000
2.02000, -2.60064, -4.06175, 1.75457, 1.73720, -0.03784, 1.69537, 35.81593, -0.00000, 0.00000
2.04000, -2.68164, -4.97950, 1.78949, 1.75440, -0.03912, 1.72130, 35.81593, -0.00000, 0.00000
2.06000, -2.79982, -5.01875, 1.82475, 1.77160, -0.04087, 1.75553, 35.81593, -0.00000, 0.00000
2.08000, -2.88239, -5.68375, 1.86035, 1.78880, -0.04291, 1.79412, 35.81593, -0.00000, 0.00000
2.10000, -3.02717, -5.98625, 1.89628, 1.80000, -0.04531, 1.83750, 35.81593, -0.00000, 0.00000
2.12000, -3.12184, -4.01275, 1.93228, 1.80000, -0.04680, 1.86349, 35.81593, -0.00000, 0.00000
2.14000, -3.18768, -2.31550, 1.96828, 1.80000, -0.04908, 1.90234, 35.81593, -0.00000, 0.00000
2.16000, -3.21446, -0.84900, 2.00428, 1.80000, -0.05134, 1.94026, 35.81593, -0.00000, 0.00000
2.18000, -3.22164, 0.78125, 2.04028, 1.80000, -0.05310, 1.96982, 35.81593, -0.00000, 0.00000
2.20000, -3.18321, 2.39275, 2.07628, 1.80000, -0.05534, 2.00749, 35.81593, -0.00000, 0.00000
2.22000, -3.12593, 5.71375, 2.11228, 1.80000, -0.05756, 2.04538, 35.81593, -0.00000, 0.00000
2.24000, -2.95466, 7.89125, 2.14828, 1.80000, -0.05952, 2.08024, 35.81593, -0.00000, 0.00000
2.26000, -2.81028, 7.86200, 2.18428, 1.80000, -0.06112, 2.10976, 35.81593, -0.00000, 0.00000
2.28000, -2.64018, 6.04575, 2.22028, 1.80000, -0.06341, 2.15476, 35.81593, -0.00000, 0.00000
2.30000, -2.56845, 5.31250, 2.25628, 1.80000, -0.06472, 2.18152, 35.81593, -0.00000, 0.00000
2.32000, -2.42768, 5.90825, 2.29228, 1.80000, -0.06683, 2.22619, 35.81593, -0.00000, 0.00000
2.34000, -2.33212, 4.83650, 2.32828, 1.80000, -0.06851, 2.26355, 35.81593, -0.00000, 0.00000
2.36000, -2.23422, 5.46950, 2.36428, 1.80000, -0.06956, 2.28789, 35.81593, -0.00000, 0.00000
2.38000, -2.11334, 6.50300, 2.40028, 1.80000, -0.07111, 2.32516, 35.81593, -0.00000, 0.00000
2.40000, -1.97410, 5.44125, 2.43628, 1.80000, -0.07301, 2.37358, 35.81593, -0.00000, 0.00000
2.42000, -1.89569, 10.48025, 2.47228, 1.80000, -0.07407, 2.40219, 35.81593, -0.00000, 0.00000
2.44000, -1.55489, 15.64525, 2.50828, 1.80000, -0.07529, 2.43936, 35.81593, -0.00000, 0.00000
2.46000, -1.26988, 18.12575, 2.54428, 1.80000, -0.07607, 2.46705, 35.81593, -0.00000, 0.00000
2.48000, -0.82986, 17.58875, 2.58028, 1.80000, -0.07701, 2.51018, 35.81593, -0.00000, 0.00000
2.50000, -0.56633, 12.24875, 2.61628, 1.80000, -0.07764, 2.55075, 35.81593, -0.00000, 0.00000
2.52000, -0.33991, 9.76750, 2.65228, 1.80000, -0.07791, 2.57746, 35.81593, -0.00000, 0.00000
2.54000, -0.17563, 5.16600, 2.68828, 1.80000, -0.07816, 2.61051, 35.81593, -0.00000, 0.00000
2.56000, -0.13327, -0.10675, 2.72428, 1.80000, -0.07840, 2.65359, 35.81593, -0.00000, 0.00000
2.58000, -0.17990, -5.27250, 2.76028, 1.80000, -0.07860, 2.68549, 35.81593, -0.00000, 0.00000
2.60000, -0.34417, -10.31350, 2.79628, 1.80000, -0.07895, 2.72901, 35.81593, -0.00000, 0.00000
2.62000, -0.59244, -9.75600, 2.83228, 1.80000, -0.07939, 2.76589, 35.81593, -0.00000, 0.00000
2.64000, -0.73441, -5.06825, 2.86828, 1.80000, -0.07981, 2.79458, 35.81593, -0.00000, 0.00000
2.66000, -0.79517, -1.23950, 2.90428, 1.80000, -0.08054, 2.83762, 35.81593, -0.00000, 0.00000
2.68000, -0.78399, 2.58875, 2.94028, 1.80000, -0.08101, 2.86502, 35.81593, -0.00000, 0.00000
2.70000, -0.69162, 3.66475, 2.97620, 1.79200, -0.08167, 2.90439, 35.81593, -0.00000, 0.00000
2.72000, -0.63740, 7.52200, 3.01196, 1.78400, -0.08214, 2.93642, 35.81593, -0.00000, 0.00000
2.74000, -0.39074, 12.05075, 3.04756, 1.77600, -0.08262, 2.97586, 35.81593, -0.00000, 0.00000
2.76000, -0.15537, 10.79275, 3.08300, 1.76800, -0.08286, 3.00610, 35.81593, -0.00000, 0.00000
2.78000, 0.04097, 11.72925, 3.11828, 1.76000, -0.08298, 3.03504, 35.81593, -0.00000, 0.00000
2.80000, 0.31380, 11.22150, 3.15340, 1.75200, -0.08300, 3.08234, 35.81593, -0.00000, 0.00000
2.82000, 0.48983, 7.89325, 3.18836, 1.74400, -0.08290, 3.11217, 35.81593, -0.00000, 0.00000
2.84000, 0.62953, 6.71175, 3.22316, 1.73600, -0.08265, 3.15138, 35.81593, -0.00000, 0.00000
2.86000, 0.75830, 10.81050, 3.25780, 1.72800, -0.08239, 3.18007, 35.81593, -0.00000, 0.00000
2.88000, 1.06195, 12.36325, 3.29228, 1.72000, -0.08184, 3.22538, 35.81593, -0.00000, 0.00000
2.90000, 1.25283, 8.54775, 3.32660, 1.71200, -0.08146, 3.24850, 35.81593, -0.00000, 0.00000
2.92000, 1.40386, 7.97125, 3.36076, 1.70400, -0.08080, 3.28260, 35.81593, -0.00000, 0.00000
2.94000, 1.57168, 8.72325, 3.39476, 1.69600, -0.07987, 3.32382, 35.81593, -0.00000, 0.00000
2.96000, 1.75279, 8.87950, 3.42860, 1.68800, -0.07916, 3.35114, 35.81593, -0.00000, 0.00000
2.98000, 1.92686, 7.99075, 3.46228, 1.68000, -0.07829, 3.38169, 35.81593, -0.00000, 0.00000
3.00000, 2.07242, 4.16200, 3.49580, 1.67200, -0.07687, 3.42628, 35.81593, -0.00000, 0.00000
3.02000, 2.09334, -2.83200, 3.52916, 1.66400, -0.07594, 3.45417, 35.81593, -0.00000, 0.00000
3.04000, 1.95914, -6.90350, 3.56236, 1.65600, -0.07465, 3.49441, 35.81593, -0.00000, 0.00000
3.06000, 1.81720, -8.64175, 3.59540, 1.64800, -0.07388, 3.52044, 35.81593, -0.00000, 0.00000
3.08000, 1.61347, -8.81750, 3.62828, 1.64000, -0.07269, 3.56462, 35.81593, -0.00000, 0.00000
3.10000, 1.46450, -7.30200, 3.66100, 1.63200, -0.07186, 3.59918, 35.81593, -0.00000, 0.00000
3.12000, 1.32139, -9.09975, 3.69356, 1.62400, -0.07134, 3.62472, 35.81593, -0.00000, 0.00000
3.14000, 1.10051, -13.94550, 3.72596, 1.61600, -0.07086, 3.64998, 35.81593, -0.00000, 0.00000
3.16000, 0.76357, -15.79025, 3.75820, 1.60800, -0.07025, 3.69205, 35.81593, -0.00000, 0.00000
3.18000, 0.46890, -11.02100, 3.79028, 1.60000, -0.06998, 3.72334, 35.81593, -0.00000, 0.00000
3.20000, 0.32273, -10.83550, 3.82220, 1.59200, -0.06989, 3.74828, 35.81593, -0.00000, 0.00000
3.22000, 0.03548, -14.04025, 3.85396, 1.58400, -0.06993, 3.78062, 35.81593, -0.00000, 0.00000
3.24000, -0.23888, -13.38600, 3.88556, 1.57600, -0.07009, 3.80767, 35.81593, -0.00000, 0.00000
3.26000, -0.49996, -16.52350, 3.91700, 1.56800, -0.07042, 3.83826, 35.81593, -0.00000, 0.00000
3.28000, -0.89982, -14.63875, 3.94828, 1.56000, -0.07112, 3.87979, 35.81593, -0.00000, 0.00000
3.30000, -1.08551, -9.49150, 3.97940, 1.55200, -0.07174, 3.90954, 35.81593, -0.00000, 0.00000
3.32000, -1.27948, -5.78850, 4.01036, 1.54400, -0.07258, 3.94472, 35.81593, -0.00000, 0.00000
3.34000, -1.31705, -1.14775, 4.04116, 1.53600, -0.07318, 3.96768, 233.50000, -0.00000, 0.00000
3.36000, -1.32539, 2.61000, 4.07180, 1.52800, -0.07392, 3.99550, 233.50000, -0.00000, 0.00000
3.38000, -1.21265, 9.52325, 4.10228, 1.52000, -0.07464, 4.02417, 233.50000, -0.00000, 0.00000
3.40000, -0.94446, 14.58200, 4.13260, 1.51200, -0.07530, 4.05380, 233.50000, -0.00000, 0.00000
3.42000, -0.62937, 18.02000, 4.16276, 1.50400, -0.07582, 4.08507, 233.50000, -0.00000, 0.00000
3.44000, -0.22366, 30.56725, 4.19276, 1.49600, -0.07611, 4.11352, 233.50000, -0.00000, 0.00000
3.46000, 0.59332, 36.13375, 4.22260, 1.48800, -0.07613, 4.15438, 233.50000, -0.00000, 0.00000
3.48000, 1.22169, 31.52600, 4.25228, 1.48000, -0.07573, 4.18836, 233.50000, -0.00000, 0.00000
3.50000, 1.85436, 29.46550, 4.28180, 1.47200, -0.07505, 4.21700, 233.50000, -0.00000, 0.00000
3.52000, 2.40031, 26.63250, 4.31116, 1.46400, -0.07429, 4.23994, 233.50000, -0.00000, 0.00000
3.54000, 2.91966, 21.66175, 4.34036, 1.45600, -0.07299, 4.27084, 233.50000, -0.00000, 0.00000
3.56000, 3.26678, 16.44800, 4.36940, 1.44800, -0.07140, 4.30248, 233.50000, -0.00000, 0.00000
3.58000, 3.57758, 14.54375, 4.39828, 1.44000, -0.06981, 4.33075, 233.50000, -0.00000, 0.00000
3.60000, 3.84853, 12.33650, 4.42700, 1.43200, -0.06844, 4.35342, 233.50000, -0.00000, 0.00000
3.62000, 4.07104, 8.51025, 4.45556, 1.42400, -0.06623, 4.38731, 233.50000, -0.00000, 0.00000
3.64000, 4.18894, 8.69600, 4.48396, 1.41600, -0.06549, 4.39832, 233.50000, -0.00000, 0.00000
3.66000, 4.41888, 11.05650, 4.51220, 1.40800, -0.06281, 4.43570, 233.50000, -0.00000, 0.00000
3.68000, 4.63120, 9.32775, 4.54028, 1.40000, -0.06046, 4.46681, 233.50000, -0.00000, 0.00000
3.70000, 4.79199, 6.07850, 4.56820, 1.39200, -0.05843, 4.49269, 233.50000, -0.00000, 0.00000
3.72000, 4.87434, 6.16650, 4.59596, 1.38400, -0.05651, 4.51635, 233.50000, -0.00000, 0.00000
3.74000, 5.03865, 9.25075, 4.62356, 1.37600, -0.05388, 4.54790, 233.50000, -0.00000, 0.00000
3.76000, 5.24437, 10.85225, 4.65100, 1.36800, -0.05174, 4.57272, 233.50000, -0.00000, 0.00000
3.78000, 5.47274, 8.52000, 4.67828, 1.36000, -0.04908, 4.60237, 233.50000, -0.00000, 0.00000
3.80000, 5.58517, 5.82650, 4.70540, 1.35200, -0.04799, 4.61412, 233.50000, -0.00000, 0.00000
3.82000, 5.70580, 9.64300, 4.73236, 1.34400, -0.04477, 4.64801, 233.50000, -0.00000, 0.00000
3.84000, 5.97089, 11.33175, 4.75916, 1.33600, -0.04160, 4.67978, 233.50000, -0.00000, 0.00000
3.86000, 6.15907, 11.10700, 4.78580, 1.32800, -0.03959, 4.69896, 233.50000, -0.00000, 0.00000
3.88000, 6.41517, 13.30325, 4.81228, 1.32000, -0.03648, 4.72787, 233.50000, -0.00000, 0.00000
3.90000, 6.69120, 10.47325, 4.83860, 1.31200, -0.03267, 4.76173, 233.50000, -0.00000, 0.00000
3.92000, 6.83410, 11.02000, 4.86476, 1.30400, -0.03126, 4.77387, 233.50000, -0.00000, 0.00000
3.94000, 7.13200, 11.45950, 4.89076, 1.29600, -0.02658, 4.81293, 233.50000, -0.00000, 0.00000
3.96000, 7.29248, 12.03575, 4.91660, 1.28800, -0.02475, 4.82763, 233.50000, -0.00000, 0.00000
3.98000, 7.61343, 17.87275, 4.94228, 1.28000, -0.02035, 4.86184, 233.50000, -0.00000, 0.00000
4.00000, 8.00739, 13.97800, 4.96780, 1.27200, -0.01600, 4.89409, 233.50000, -0.00000, 0.00000
4.02000, 8.17255, 12.28950, 4.99316, 1.26400, -0.01432, 4.90609, 233.50000, -0.00000, 0.00000
4.04000, 8.49897, 12.33850, 5.01836, 1.25600, -0.00987, 4.93713, 233.50000, -0.00000, 0.00000
4.06000, 8.66609, 12.77800, 5.04340, 1.24800, -0.00787, 4.95066, 233.50000, -0.00000, 0.00000
4.08000, 9.01009, 12.79725, 5.06828, 1.24000, -0.00262, 4.98510, 233.50000, -0.00000, 0.00000
4.10000, 9.17798, 14.12550, 5.09300, 1.23200, -0.00035, 4.99959, 233.50000, -0.00000, 0.00000
4.12000, 9.57511, 15.13150, 5.11756, 1.22400, 0.00587, 5.03798, 233.50000, -0.00000, 0.00000
4.14000, 9.78324, 15.54150, 5.14196, 1.21600, 0.00814, 5.05141, 233.50000, -0.00000, 0.00000
4.16000, 10.19677, 15.50250, 5.16620, 1.20800, 0.01388, 5.08447, 233.50000, -0.00000, 0.00000
4.18000, 10.40334, 18.06975, 5.19028, 1.20000, 0.01613, 5.09709, 233.50000, -0.00000, 0.00000
4.20000, 10.91956, 18.43125, 5.21420, 1.19200, 0.02198, 5.12869, 233.50000, -0.00000, 0.00000
4.22000, 11.14059, 17.35800, 5.23796, 1.18400, 0.02453, 5.14205, 233.50000, -0.00000, 0.00000
4.24000, 11.61388, 24.19200, 5.26156, 1.17600, 0.03083, 5.17402, 233.50000, -0.00000, 0.00000
4.26000, 12.10827, 17.71925, 5.28500, 1.16800, 0.03739, 5.20582, 233.50000, -0.00000, 0.00000
4.28000, 12.32265, 14.69200, 5.30828, 1.16000, 0.04002, 5.21822, 233.50000, -0.00000, 0.00000
4.30000, 12.69595, 13.23675, 5.33140, 1.15200, 0.04703, 5.25044, 233.50000, -0.00000, 0.00000
4.32000, 12.85212, 7.58425, 5.35436, 1.14400, 0.04938, 5.26104, 233.50000, -0.00000, 0.00000
4.34000, 12.99932, 10.86400, 5.37716, 1.13600, 0.05600, 5.29033, 233.50000, -0.00000, 0.00000
4.36000, 13.28668, 12.32775, 5.39980, 1.12800, 0.06170, 5.31498, 233.50000, -0.00000, 0.00000
4.38000, 13.49243, 12.25925, 5.42228, 1.12000, 0.06555, 5.33138, 233.50000, -0.00000, 0.00000
4.40000, 13.77705, 10.86375, 5.44460, 1.11200, 0.07284, 5.36183, 233.50000, -0.00000, 0.00000
4.42000, 13.92698, 11.87950, 5.46676, 1.10400, 0.07590, 5.37442, 233.50000, -0.00000, 0.00000
4.44000, 14.25223, 12.45550, 5.48876, 1.09600, 0.08264, 5.40176, 233.50000, -0.00000, 0.00000
4.46000, 14.42520, 14.86750, 5.51060, 1.08800, 0.08672, 5.41794, 233.50000, -0.00000, 0.00000
4.48000, 14.84693, 16.46925, 5.53228, 1.08000, 0.09425, 5.44723, 233.50000, -0.00000, 0.00000
4.50000, 15.08397, 19.82875, 5.55380, 1.07200, 0.09731, 5.45894, 233.50000, -0.00000, 0.00000
4.52000, 15.64008, 21.11775, 5.57516, 1.06400, 0.10497, 5.48742, 233.50000, -0.00000, 0.00000
4.54000, 15.92868, 15.01600, 5.59636, 1.05600, 0.10860, 5.50056, 233.50000, -0.00000, 0.00000
4.56000, 16.24072, 26.93700, 5.61740, 1.04800, 0.11313, 5.51663, 233.50000, -0.00000, 0.00000
4.58000, 17.00616, 26.27300, 5.63828, 1.04000, 0.12232, 5.54819, 233.50000, -0.00000, 0.00000
4.60000, 17.29164, 14.02000, 5.65900, 1.03200, 0.12725, 5.56440, 233.50000, -0.00000, 0.00000
4.62000, 17.56696, 19.47700, 5.67956, 1.02400, 0.13043, 5.57473, 233.50000, -0.00000, 0.00000
4.64000, 18.07072, 12.59400, 5.69996, 1.01600, 0.13992, 5.60479, 233.50000, -0.00000, 0.00000
4.66000, 18.07072, 11.27575, 5.72020, 1.00800, 0.14577, 5.62294, 233.50000, -0.00000, 0.00000
4.68000, 18.52175, 16.51800, 5.74028, 1.00000, 0.15263, 5.64377, 233.50000, -0.00000, 0.00000
4.70000, 18.73144, 15.19975, 5.76020, 0.99200, 0.15832, 5.66083, 233.50000, -0.00000, 0.00000
4.72000, 19.12974, 15.38525, 5.77996, 0.98400, 0.16691, 5.68610, 233.50000, -0.00000, 0.00000
4.74000, 19.34685, 16.10800, 5.79956, 0.97600, 0.17027, 5.69585, 233.50000, -0.00000, 0.00000
4.76000, 19.77406, 10.68025, 5.81900, 0.96800, 0.17872, 5.72000, 233.50000, -0.00000, 0.00000
4.78000, 19.77406, 14.89775, 5.83828, 0.96000, 0.18334, 5.73297, 233.50000, -0.00000, 0.00000
4.80000, 20.36997, 21.46825, 5.85740, 0.95200, 0.18972, 5.75057, 233.50000, -0.00000, 0.00000
4.82000, 20.63279, 13.34600, 5.87636, 0.94400, 0.19947, 5.77688, 233.50000, -0.00000, 0.00000
4.84000, 20.90381, 13.85375, 5.89516, 0.93600, 0.20384, 5.78843, 233.50000, -0.00000, 0.00000
4.86000, 21.18694, 14.56675, 5.91380, 0.92800, 0.21015, 5.80488, 233.50000, -0.00000, 0.00000
4.88000, 21.48648, 22.99275, 5.93228, 0.92000, 0.21418, 5.81522, 233.50000, -0.00000, 0.00000
4.90000, 22.10665, 23.70550, 5.95060, 0.91200, 0.22546, 5.84356, 233.50000, -0.00000, 0.00000
4.92000, 22.43470, 16.21725, 5.96876, 0.90400, 0.23025, 5.85527, 233.50000, -0.00000, 0.00000
4.94000, 22.75534, 15.80700, 5.98676, 0.89600, 0.23704, 5.87172, 233.50000, -0.00000, 0.00000
4.96000, 23.06698, 21.49850, 6.00460, 0.88800, 0.24135, 5.88193, 233.50000, -0.00000, 0.00000
4.98000, 23.61528, 21.46850, 6.02228, 0.88000, 0.25425, 5.91203, 233.50000, -0.00000, 0.00000
5.00000, 23.92572, 12.07550, 6.03980, 0.87200, 0.25825, 5.92118, 233.50000, -0.00000, 0.00000
5.02000, 24.09830, 13.11950, 6.05716, 0.86400, 0.26644, 5.93971, 233.50000, -0.00000, 0.00000
5.04000, 24.45050, 13.31500, 6.07436, 0.85600, 0.27509, 5.95905, 233.50000, -0.00000, 0.00000
5.06000, 24.63090, 8.91250, 6.09140, 0.84800, 0.28259, 5.97560, 233.50000, -0.00000, 0.00000
5.08000, 24.80700, 12.53375, 6.10828, 0.84000, 0.28676, 5.98471, 233.50000, -0.00000, 0.00000
5.10000, 25.13225, 11.73300, 6.12500, 0.83200, 0.29817, 6.00941, 233.50000, -0.00000, 0.00000
5.12000, 25.27632, 7.05700, 6.14156, 0.82400, 0.30210, 6.01782, 233.50000, -0.00000, 0.00000
5.14000, 25.41453, 6.92025, 6.15796, 0.81600, 0.30777, 6.02990, 233.50000, -0.00000, 0.00000
5.16000, 25.55313, 7.10575, 6.17420, 0.80800, 0.31813, 6.05183, 233.50000, -0.00000, 0.00000
5.18000, 25.69876, 11.13725, 6.19028, 0.80000, 0.32223, 6.06041, 233.50000, -0.00000, 0.00000
5.20000, 25.99862, 13.11875, 6.20620, 0.79200, 0.33283, 6.08248, 233.50000, -0.00000, 0.00000
5.22000, 26.22351, 8.94075, 6.22196, 0.78400, 0.33815, 6.09343, 233.50000, -0.00000, 0.00000
5.24000, 26.35625, 6.07050, 6.23756, 0.77600, 0.34524, 6.10791, 233.50000, -0.00000, 0.00000
5.26000, 26.46633, 7.26025, 6.25300, 0.76800, 0.34965, 6.11687, 233.50000, -0.00000, 0.00000
5.28000, 26.64666, 6.09825, 6.26828, 0.76000, 0.36020, 6.13817, 233.50000, -0.00000, 0.00000
5.30000, 26.71026, 1.59000, 6.28340, 0.75200, 0.36690, 6.15163, 233.50000, -0.00000, 0.00000
5.32000, 26.71026, 2.07650, 6.29836, 0.74400, 0.37096, 6.15978, 233.50000, -0.00000, 0.00000
5.34000, 26.79332, 2.87550, 6.31316, 0.73600, 0.38135, 6.18054, 233.50000, -0.00000, 0.00000
5.36000, 26.82528, 1.70550, 6.32780, 0.72800, 0.38563, 6.18908, 233.50000, -0.00000, 0.00000
5.38000, 26.86154, 2.09600, 6.34228, 0.72000, 0.39215, 6.20207, 233.50000, -0.00000, 0.00000
5.40000, 26.90912, 2.69175, 6.35660, 0.71200, 0.39665, 6.21103, 233.50000, -0.00000, 0.00000
5.42000, 26.96921, 5.13150, 6.37076, 0.70400, 0.40339, 6.22440, 233.50000, -0.00000, 0.00000
5.44000, 27.11438, 6.36075, 6.38476, 0.69600, 0.41348, 6.24433, 233.50000, -0.00000, 0.00000
5.46000, 27.22364, 4.68300, 6.39860, 0.68800, 0.41823, 6.25367, 233.50000, -0.00000, 0.00000
5.48000, 27.30170, 3.77575, 6.41228, 0.68000, 0.42518, 6.26728, 233.50000, -0.00000, 0.00000
5.50000, 27.37467, 3.73650, 6.42580, 0.67200, 0.42932, 6.27536, 233.50000, -0.00000, 0.00000
5.52000, 27.45116, 5.85400, 6.43916, 0.66400, 0.43564, 6.28765, 233.50000, -0.00000, 0.00000
5.54000, 27.60883, 5.64900, 6.45236, 0.65600, 0.44711, 6.30986, 233.50000, -0.00000, 0.00000
5.56000, 27.67712, 3.33625, 6.46540, 0.64800, 0.45119, 6.31772, 233.50000, -0.00000, 0.00000
5.58000, 27.74228, 3.21900, 6.47828, 0.64000, 0.45880, 6.33233, 233.50000, -0.00000, 0.00000
5.60000, 27.80588, 3.15075, 6.49100, 0.63200, 0.46313, 6.34063, 233.50000, -0.00000, 0.00000
5.62000, 27.86831, 2.91650, 6.50356, 0.62400, 0.46746, 6.34890, 233.50000, -0.00000, 0.00000
5.64000, 27.92254, 2.77975, 6.51596, 0.61600, 0.47422, 6.36177, 233.50000, -0.00000, 0.00000
5.66000, 27.97950, 2.78925, 6.52820, 0.60800, 0.47800, 6.36897, 233.50000, -0.00000, 0.00000
5.68000, 28.03411, 2.87725, 6.54028, 0.60000, 0.48532, 6.38286, 233.50000, -0.00000, 0.00000
5.70000, 28.09459, 3.70650, 6.55220, 0.59200, 0.48913, 6.39006, 233.50000, -0.00000, 0.00000
5.72000, 28.18237, 3.76500, 6.56396, 0.58400, 0.49649, 6.40396, 233.50000, -0.00000, 0.00000
5.74000, 28.24519, 3.09225, 6.57556, 0.57600, 0.50086, 6.41220, 233.50000, -0.00000, 0.00000
5.76000, 28.30606, 1.52175, 6.58700, 0.56800, 0.50524, 6.42041, 233.50000, -0.00000, 0.00000
5.78000, 28.30606, 1.43375, 6.59828, 0.56000, 0.51180, 6.43269, 233.50000, -0.00000, 0.00000
5.80000, 28.36341, 2.48650, 6.60940, 0.55200, 0.51561, 6.43980, 233.50000, -0.00000, 0.00000
5.82000, 28.40552, 1.80300, 6.62036, 0.54400, 0.52239, 6.45244, 233.50000, -0.00000, 0.00000
5.84000, 28.43553, 1.27575, 6.63116, 0.53600, 0.52860, 6.46401, 233.50000, -0.00000, 0.00000
5.86000, 28.45655, 1.00225, 6.64180, 0.52800, 0.53237, 6.47102, 233.50000, -0.00000, 0.00000
5.88000, 28.47562, 0.81675, 6.65228, 0.52000, 0.53882, 6.48300, 233.50000, -0.00000, 0.00000
5.90000, 28.48922, 0.87550, 6.66260, 0.51200, 0.54283, 6.49045, 233.50000, -0.00000, 0.00000
5.92000, 28.51064, 1.25625, 6.67276, 0.50400, 0.54998, 6.50372, 233.50000, -0.00000, 0.00000
5.94000, 28.53947, 1.73450, 6.68276, 0.49600, 0.55392, 6.51102, 233.50000, -0.00000, 0.00000
5.96000, 28.58002, 2.21325, 6.69260, 0.48800, 0.56092, 6.52400, 233.50000, -0.00000, 0.00000
5.98000, 28.62800, 2.51600, 6.70228, 0.48000, 0.56427, 6.53017, 233.50000, -0.00000, 0.00000
6.00000, 28.68066, 4.08725, 6.71180, 0.47200, 0.57064, 6.54193, 233.50000, -0.00000, 0.00000
6.02000, 28.79149, 5.05425, 6.72116, 0.46400, 0.57570, 6.55121, 233.50000, -0.00000, 0.00000
6.04000, 28.88283, 4.72300, 6.73036, 0.45600, 0.58069, 6.56032, 233.50000, -0.00000, 0.00000
6.06000, 28.98041, 4.83025, 6.73940, 0.44800, 0.58414, 6.56661, 233.50000, -0.00000, 0.00000
6.08000, 29.07604, 2.39075, 6.74828, 0.44000, 0.59136, 6.57971, 233.50000, -0.00000, 0.00000
6.10000, 29.07604, 2.09800, 6.75700, 0.43200, 0.59136, 6.57971, 233.50000, -0.00000, 0.00000
6.12000, 29.15996, 3.94175, 6.76556, 0.42400, 0.59536, 6.58694, 233.50000, -0.00000, 0.00000
6.14000, 29.23371, 3.33625, 6.77396, 0.41600, 0.60022, 6.59568, 233.50000, -0.00000, 0.00000
6.16000, 29.29341, 2.78950, 6.78220, 0.40800, 0.60364, 6.60183, 233.50000, -0.00000, 0.00000
6.18000, 29.34529, 2.37925, 6.79028, 0.40000, 0.60904, 6.61152, 233.50000, -0.00000, 0.00000
6.20000, 29.38858, 1.94950, 6.79820, 0.39200, 0.61392, 6.62026, 233.50000, -0.00000, 0.00000
6.22000, 29.42327, 1.92025, 6.80596, 0.38400, 0.61655, 6.62494, 233.50000, -0.00000, 0.00000
6.24000, 29.46539, 2.18400, 6.81356, 0.37600, 0.62193, 6.63455, 233.50000, -0.00000, 0.00000
6.26000, 29.51063, 2.51600, 6.82100, 0.36800, 0.62490, 6.63985, 233.50000, -0.00000, 0.00000
6.28000, 29.56603, 4.26300, 6.82828, 0.36000, 0.63055, 6.64989, 233.50000, -0.00000, 0.00000
6.30000, 29.68115, 5.10275, 6.83540, 0.35200, 0.63324, 6.65465, 233.50000, -0.00000, 0.00000
6.32000, 29.77014, 4.55700, 6.84236, 0.34400, 0.63794, 6.66295, 233.50000, -0.00000, 0.00000
6.34000, 29.86343, 4.62550, 6.84916, 0.33600, 0.64057, 6.66756, 233.50000, -0.00000, 0.00000
6.36000, 29.95516, 4.74250, 6.85580, 0.32800, 0.64476, 6.67491, 233.50000, -0.00000, 0.00000
6.38000, 30.05313, 2.44925, 6.86228, 0.32000, 0.64771, 6.68008, 233.50000, -0.00000, 0.00000
6.40000, 30.05313, 2.54700, 6.86860, 0.31200, 0.65180, 6.68720, 233.50000, -0.00000, 0.00000
6.42000, 30.15501, 5.15275, 6.87476, 0.30400, 0.65431, 6.69154, 233.50000, -0.00000, 0.00000
6.44000, 30.25924, 5.38725, 6.88076, 0.29600, 0.65871, 6.69916, 233.50000, -0.00000, 0.00000
6.46000, 30.37050, 2.78150, 6.88660, 0.28800, 0.66138, 6.70375, 233.50000, -0.00000, 0.00000
6.48000, 30.37050, 2.74225, 6.89228, 0.28000, 0.66138, 6.70375, 233.50000, -0.00000, 0.00000
6.50000, 30.48019, 5.37725, 6.89780, 0.27200, 0.66556, 6.71092, 233.50000, -0.00000, 0.00000
6.52000, 30.58559, 5.07450, 6.90316, 0.26400, 0.67012, 6.71870, 233.50000, 0.46203, -0.48696
6.54000, 30.68317, 2.43950, 6.90836, 0.25600, 0.67295, 6.72352, 233.50000, 0.46203, -0.48696
6.56000, 30.68317, 2.04900, 6.91340, 0.24800, 0.67295, 6.72352, 233.50000, 0.46203, -0.48696
6.58000, 30.76513, 3.82450, 6.91828, 0.24000, 0.67578, 6.72832, 233.50000, 0.72839, -0.62845
6.60000, 30.83615, 1.77550, 6.92300, 0.23200, 0.68047, 6.73625, 233.50000, 0.85427, -0.81783
6.62000, 30.83615, 1.47300, 6.92756, 0.22400, 0.68047, 6.73625, 233.50000, 0.85427, -0.81783
6.64000, 30.89507, 1.47300, 6.93196, 0.21600, 0.68328, 6.74098, 233.50000, 0.85427, -0.81783
6.66000, 30.89507, 1.69650, 6.93620, 0.20800, 0.68328, 6.74098, 233.50000, 0.85427, -0.81783
6.68000, 30.96293, 2.43675, 6.94028, 0.20000, 0.68848, 6.74972, 233.50000, 1.00000, -1.00000
6.70000, 30.99254, 0.74025, 6.94420, 0.19200, 0.69144, 6.75468, 233.50000, 1.00000, -1.00000
6.72000, 30.99254, 0.06675, 6.94796, 0.18400, 0.69144, 6.75468, 233.50000, 1.00000, -1.00000
6.74000, 30.99521, 0.06675, 6.95156, 0.17600, 0.69545, 6.76142, 233.50000, 1.00000, -1.00000
6.76000, 30.99521, -0.31425, 6.95500, 0.16800, 0.69545, 6.76142, 233.50000, 1.00000, -1.00000
6.78000, 30.98264, -0.31425, 6.95828, 0.16000, 0.69906, 6.76747, 233.50000, 1.00000, -1.00000
6.80000, 30.98264, -0.47075, 6.96140, 0.15200, 0.69906, 6.76747, 233.50000, 1.00000, -1.00000
6.82000, 30.96381, -0.45300, 6.96436, 0.14400, 0.70189, 6.77222, 233.50000, 1.00000, -1.00000
6.84000, 30.96452, 0.01775, 6.96716, 0.13600, 0.70637, 6.77974, 233.50000, 1.00000, -1.00000
6.86000, 30.96452, 0.46700, 6.96980, 0.12800, 0.70637, 6.77974, 233.50000, 1.00000, -1.00000
6.88000, 30.98320, 0.46700, 6.97228, 0.12000, 0.70885, 6.78390, 233.50000, 1.00000, -1.00000
6.90000, 30.98320, 0.52575, 6.97460, 0.11200, 0.70885, 6.78390, 233.50000, 1.00000, -1.00000
6.92000, 31.00423, 0.52575, 6.97676, 0.10400, 0.71137, 6.78815, 233.50000, 1.00000, -1.00000
6.94000, 31.00423, 0.24225, 6.97876, 0.09600, 0.71137, 6.78815, 233.50000, 1.00000, -1.00000
6.96000, 31.01392, 0.24225, 6.98060, 0.08800, 0.71503, 6.79427, 233.50000, 1.00000, -1.00000
6.98000, 31.01392, -1.21375, 6.98228, 0.08000, 0.71503, 6.79427, 233.50000, 1.00000, -1.00000
7.00000, 30.96537, -1.97725, 6.98380, 0.07200, 0.71704, 6.79765, 233.50000, 1.00000, -1.00000
7.02000, 30.93483, -0.76350, 6.98516, 0.06400, 0.71986, 6.80238, 233.50000, 1.00000, -1.00000
7.04000, 30.93483, -0.00000, 6.98636, 0.05600, 0.71986, 6.80238, 233.50000, 1.00000, -1.00000
7.06000, 30.93483, -0.10900, 6.98740, 0.04800, 0.72142, 6.80501, 233.50000, 1.00000, -1.00000
7.08000, 30.93047, -0.10900, 6.98828, 0.04000, 0.72350, 6.80851, 233.50000, 1.00000, -1.00000
7.10000, 30.93047, 0.34975, 6.98900, 0.03200, 0.72350, 6.80851, 233.50000, 1.00000, -1.00000
7.12000, 30.94446, 0.34975, 6.98956, 0.02400, 0.72481, 6.81071, 233.50000, 1.00000, -1.00000
7.14000, 30.94446, -0.27826, 6.98996, 0.01600, 0.72481, 6.81071, 233.50000, 1.00000, -1.00000
7.14300, 30.93806, -0.27826, 6.99001, 0.00000, 0.73009, 6.81957, 233.50000, -0.00000, 0.00000
7.16300, 30.93806, -0.00000, 6.98993, -0.00800, 0.73009, 6.81957, 233.50000, -0.00000, 0.00000
7.18300, 30.93806, -0.00000, 6.98969, -0.01600, 0.73009, 6.81957, 233.50000, -0.00000, 0.00000
7.20300, 30.93806, -0.00000, 6.98929, -0.02400, 0.73009, 6.81957, 233.50000, -0.00000, 0.00000
7.22300, 30.93806, -0.00000, 6.98873, -0.03200, 0.73009, 6.81957, 233.50000, -0.00000, 0.00000
7.24300, 30.93806, -0.00000, 6.98801, -0.04000, 0.73009, 6.81957, 233.50000, -0.00000, 0.00000
7.26300, 30.93806, 0.65250, 6.98713, -0.04800, 0.73009, 6.81957, 233.50000, -0.00000, 0.00000
7.28300, 30.96416, 0.90475, 6.98623, -0.03710, 0.72998, 6.81940, 233.50000, -0.00000, 0.00000
7.30300, 30.97425, -0.48000, 6.98566, -0.01990, 0.72974, 6.81899, 233.50000, -0.00000, 0.00000
7.32000, 30.94640, -0.75270, 6.98544, 0.00000, 0.72679, 6.81404, 233.50000, -0.00000, 0.00000
7.34000, 30.94640, -0.00000, 6.98536, -0.00800, 0.72679, 6.81404, 233.50000, -0.00000, 0.00000
7.36000, 30.94640, -0.00000, 6.98512, -0.01600, 0.72679, 6.81404, 233.50000, -0.00000, 0.00000
7.38000, 30.94640, -0.00000, 6.98472, -0.02400, 0.72679, 6.81404, 233.50000, -0.00000, 0.00000
7.40000, 30.94640, -0.00000, 6.98416, -0.03200, 0.72679, 6.81404, 233.50000, -0.00000, 0.00000
7.42000, 30.94640, -0.00000, 6.98344, -0.04000, 0.72679, 6.81404, 233.50000, -0.00000, 0.00000
7.44000, 30.94640, -0.00000, 6.98256, -0.04800, 0.72679, 6.81404, 233.50000, -0.00000, 0.00000
7.46000, 30.94640, -0.27525, 6.98152, -0.05600, 0.72679, 6.81404, 233.50000, -0.00000, 0.00000
7.48000, 30.93539, -0.21850, 6.98032, -0.06400, 0.72671, 6.81391, 233.50000, -0.00000, 0.00000
7.50000, 30.93766, 0.14275, 6.97896, -0.07200, 0.72642, 6.81342, 233.50000, -0.00000, 0.00000
7.52000, 30.94110, 0.12350, 6.97744, -0.08000, 0.72614, 6.81295, 233.50000, -0.00000, 0.00000
7.54000, 30.94260, 0.21150, 6.97576, -0.08800, 0.72583, 6.81243, 233.50000, -0.00000, 0.00000
7.56000, 30.94956, 0.42600, 6.97392, -0.09600, 0.72531, 6.81155, 233.50000, -0.00000, 0.00000
7.58000, 30.95964, 0.87525, 6.97192, -0.10400, 0.72490, 6.81086, 233.50000, -0.00000, 0.00000
7.60000, 30.98457, 0.62325, 6.96976, -0.11200, 0.72448, 6.81016, 233.50000, -0.00000, 0.00000
7.62000, 30.98457, 0.49625, 6.96744, -0.12000, 0.72368, 6.80882, 233.50000, -0.00000, 0.00000
7.64000, 31.00442, 0.92425, 6.96496, -0.12800, 0.72307, 6.80779, 233.50000, -0.00000, 0.00000
7.66000, 31.02154, 0.69950, 6.96232, -0.13600, 0.72200, 6.80600, 233.50000, -0.00000, 0.00000
7.68000, 31.03240, 0.20050, 6.95952, -0.14400, 0.72116, 6.80459, 233.50000, -0.00000, 0.00000
7.70000, 31.02956, -0.34525, 6.95656, -0.15200, 0.71962, 6.80201, 233.50000, -0.00000, 0.00000
7.72000, 31.01859, -1.06725, 6.95344, -0.16000, 0.71847, 6.80008, 233.50000, -0.00000, 0.00000
7.74000, 30.98687, -0.79300, 6.95016, -0.16800, 0.71668, 6.79708, 233.50000, -0.00000, 0.00000
7.76000, 30.98687, -1.04650, 6.94672, -0.17600, 0.71668, 6.79708, 233.50000, -0.00000, 0.00000
7.78000, 30.94501, -2.33750, 6.94312, -0.18400, 0.71559, 6.79525, 233.50000, -0.00000, 0.00000
7.80000, 30.89337, -2.55250, 6.93936, -0.19200, 0.71335, 6.79149, 233.50000, -0.00000, 0.00000
7.82000, 30.84291, -2.49375, 6.93544, -0.20000, 0.71194, 6.78911, 233.50000, -0.00000, 0.00000
7.84000, 30.79362, -2.25950, 6.93136, -0.20800, 0.71036, 6.78645, 233.50000, -0.00000, 0.00000
7.86000, 30.75253, -1.80050, 6.92712, -0.21600, 0.70778, 6.78208, 233.50000, -0.00000, 0.00000
7.88000, 30.72160, -0.77325, 6.92272, -0.22400, 0.70628, 6.77954, 233.50000, -0.00000, 0.00000
7.90000, 30.72160, -0.65600, 6.91816, -0.23200, 0.70406, 6.77578, 233.50000, -0.00000, 0.00000
7.92000, 30.69536, -1.26325, 6.91344, -0.24000, 0.70258, 6.77327, 233.50000, -0.00000, 0.00000
7.94000, 30.67107, -1.15600, 6.90856, -0.24800, 0.70002, 6.76891, 233.50000, -0.00000, 0.00000
7.96000, 30.64912, -1.22425, 6.90352, -0.25600, 0.69738, 6.76442, 233.50000, -0.00000, 0.00000
7.98000, 30.62210, -1.59525, 6.89832, -0.26400, 0.69567, 6.76152, 233.50000, -0.00000, 0.00000
8.00000, 30.58531, -2.63150, 6.89296, -0.27200, 0.69296, 6.75690, 233.50000, -0.00000, 0.00000
8.02000, 30.51684, -4.76225, 6.88744, -0.28000, 0.69110, 6.75372, 233.50000, -0.00000, 0.00000
8.04000, 30.39482, -4.54625, 6.88176, -0.28800, 0.68596, 6.74491, 233.50000, -0.00000, 0.00000
8.06000, 30.33499, -2.88450, 6.87592, -0.29600, 0.68283, 6.73954, 233.50000, -0.00000, 0.00000
8.08000, 30.27944, -3.40400, 6.86992, -0.30400, 0.68097, 6.73633, 233.50000, -0.00000, 0.00000
8.10000, 30.19883, -2.66150, 6.86376, -0.31200, 0.67596, 6.72768, 233.50000, -0.00000, 0.00000
8.12000, 30.17298, -1.11675, 6.85744, -0.32000, 0.67403, 6.72433, 233.50000, -0.00000, 0.00000
8.14000, 30.15416, -0.82375, 6.85096, -0.32800, 0.67139, 6.71975, 233.50000, -0.00000, 0.00000
8.16000, 30.14003, -0.74750, 6.84432, -0.33600, 0.66721, 6.71250, 233.50000, -0.00000, 0.00000
8.18000, 30.12426, -0.50350, 6.83752, -0.34400, 0.66318, 6.70550, 233.50000, -0.00000, 0.00000
8.20000, 30.11989, -0.45550, 6.83056, -0.35200, 0.66140, 6.70242, 233.50000, -0.00000, 0.00000
8.22000, 30.10604, -0.43600, 6.82344, -0.36000, 0.65714, 6.69501, 233.50000, -0.00000, 0.00000
8.24000, 30.10245, -1.02100, 6.81616, -0.36800, 0.65427, 6.69001, 233.50000, -0.00000, 0.00000
8.26000, 30.06520, -1.79250, 6.80872, -0.37600, 0.64916, 6.68114, 233.50000, -0.00000, 0.00000
8.28000, 30.03075, -1.70275, 6.80112, -0.38400, 0.64705, 6.67746, 233.50000, -0.00000, 0.00000
8.30000, 29.99709, -2.33925, 6.79336, -0.39200, 0.64238, 6.66931, 233.50000, -0.00000, 0.00000
8.32000, 29.93718, -1.98775, 6.78544, -0.40000, 0.63841, 6.66236, 233.50000, -0.00000, 0.00000
8.34000, 29.91758, -1.34325, 6.77736, -0.40800, 0.63570, 6.65762, 233.50000, -0.00000, 0.00000
8.36000, 29.88345, -1.65775, 6.76912, -0.41600, 0.63092, 6.64924, 233.50000, -0.00000, 0.00000
8.38000, 29.85127, -1.39200, 6.76072, -0.42400, 0.62639, 6.64130, 233.50000, -0.00000, 0.00000
8.40000, 29.82777, -1.77200, 6.75216, -0.43200, 0.62114, 6.63207, 233.50000, -0.00000, 0.00000
8.42000, 29.78039, -4.85200, 6.74344, -0.44000, 0.61937, 6.62895, 233.50000, -0.00000, 0.00000
8.44000, 29.63369, -5.52550, 6.73456, -0.44800, 0.61422, 6.61986, 233.50000, -0.00000, 0.00000
8.46000, 29.55937, -4.12825, 6.72552, -0.45600, 0.60909, 6.61077, 233.50000, -0.00000, 0.00000
8.48000, 29.46856, -3.02400, 6.71632, -0.46400, 0.60350, 6.60082, 233.50000, -0.00000, 0.00000
8.50000, 29.43841, -2.75125, 6.70696, -0.47200, 0.59884, 6.59250, 233.50000, -0.00000, 0.00000
8.52000, 29.35851, -3.82000, 6.69744, -0.48000, 0.59290, 6.58187, 233.50000, -0.00000, 0.00000
8.54000, 29.28561, -3.43925, 6.68776, -0.48800, 0.58744, 6.57207, 233.50000, -0.00000, 0.00000
8.56000, 29.22094, -3.99525, 6.67792, -0.49600, 0.58245, 6.56308, 233.50000, -0.00000, 0.00000
8.58000, 29.12580, -4.45225, 6.66792, -0.50400, 0.57733, 6.55385, 233.50000, -0.00000, 0.00000
8.60000, 29.04285, -5.51675, 6.65776, -0.51200, 0.57288, 6.54578, 233.50000, -0.00000, 0.00000
8.62000, 28.90513, -6.55300, 6.64744, -0.52000, 0.56846, 6.53773, 233.50000, -0.00000, 0.00000
8.64000, 28.78073, -6.05475, 6.63696, -0.52800, 0.56513, 6.53164, 233.50000, -0.00000, 0.00000
8.66000, 28.66294, -4.69625, 6.62632, -0.53600, 0.55957, 6.52141, 233.50000, -0.00000, 0.00000
8.68000, 28.59288, -4.13975, 6.61552, -0.54400, 0.55551, 6.51392, 233.50000, -0.00000, 0.00000
8.70000, 28.49735, -3.41550, 6.60456, -0.55200, 0.55011, 6.50390, 233.50000, -0.00000, 0.00000
8.72000, 28.45626, -5.70050, 6.59344, -0.56000, 0.54610, 6.49646, 233.50000, -0.00000, 0.00000
8.74000, 28.26933, -8.86725, 6.58216, -0.56800, 0.53957, 6.48426, 0.10000, -0.00000, 0.00000
8.76000, 28.10157, -10.32225, 6.57072, -0.57600, 0.53505, 6.47577, 0.10000, -0.00000, 0.00000
8.78000, 27.85644, -10.80975, 6.55912, -0.58400, 0.52860, 6.46353, 0.10000, -0.00000, 0.00000
8.80000, 27.66918, -13.69075, 6.54736, -0.59200, 0.52418, 6.45508, 0.10000, -0.00000, 0.00000
8.82000, 27.30881, -14.62800, 6.53544, -0.60000, 0.51793, 6.44299, 0.10000, -0.00000, 0.00000
8.84000, 27.08406, -8.60350, 6.52336, -0.60800, 0.51168, 6.43072, 0.10000, -0.00000, 0.00000
8.86000, 26.96467, -3.99425, 6.51112, -0.61600, 0.50647, 6.42041, 0.10000, -0.00000, 0.00000
8.88000, 26.92429, -2.53650, 6.49872, -0.62400, 0.50280, 6.41312, 0.10000, -0.00000, 0.00000
8.90000, 26.86321, -5.20425, 6.48616, -0.63200, 0.49898, 6.40553, 0.10000, -0.00000, 0.00000
8.92000, 26.71612, -4.79225, 6.47344, -0.64000, 0.49216, 6.39194, 0.10000, -0.00000, 0.00000
8.94000, 26.67152, -2.09700, 6.46056, -0.64800, 0.48675, 6.38108, 0.10000, -0.00000, 0.00000
8.96000, 26.63224, -1.11075, 6.44752, -0.65600, 0.48069, 6.36890, 0.10000, -0.00000, 0.00000
8.98000, 26.62709, -1.74450, 6.43432, -0.66400, 0.47517, 6.35780, 0.10000, -0.00000, 0.00000
9.00000, 26.56246, -2.08800, 6.42096, -0.67200, 0.47010, 6.34759, 0.10000, -0.00000, 0.00000
9.02000, 26.54357, -0.89750, 6.40744, -0.68000, 0.46463, 6.33654, 0.10000, -0.00000, 0.00000
9.04000, 26.52656, -2.20625, 6.39376, -0.68800, 0.45750, 6.32214, 0.10000, -0.00000, 0.00000
9.06000, 26.45532, -4.80225, 6.37992, -0.69600, 0.45193, 6.31090, 0.10000, -0.00000, 0.00000
9.08000, 26.33447, -5.47600, 6.36592, -0.70400, 0.44348, 6.29372, 0.10000, -0.00000, 0.00000
9.10000, 26.23628, -7.57800, 6.35176, -0.71200, 0.43965, 6.28589, 0.10000, -0.00000, 0.00000
9.12000, 26.03135, -9.58975, 6.33744, -0.72000, 0.43151, 6.26918, 0.10000, -0.00000, 0.00000
9.14000, 25.85269, -7.93700, 6.32296, -0.72800, 0.42666, 6.25909, 0.10000, -0.00000, 0.00000
9.16000, 25.71387, -6.68700, 6.30832, -0.73600, 0.42186, 6.24906, 0.10000, -0.00000, 0.00000
9.18000, 25.58521, -10.67300, 6.29352, -0.74400, 0.41610, 6.23695, 0.10000, -0.00000, 0.00000
9.20000, 25.28695, -11.94250, 6.27856, -0.75200, 0.40940, 6.22274, 0.10000, -0.00000, 0.00000
9.22000, 25.10751, -8.17200, 6.26344, -0.76000, 0.40311, 6.20926, 0.10000, -0.00000, 0.00000
9.24000, 24.96007, -8.25200, 6.24816, -0.76800, 0.39568, 6.19320, 0.10000, -0.00000, 0.00000
9.26000, 24.77743, -6.99325, 6.23272, -0.77600, 0.38768, 6.17577, 0.10000, -0.00000, 0.00000
9.28000, 24.68034, -5.12600, 6.21712, -0.78400, 0.38022, 6.15942, 0.10000, -0.00000, 0.00000
9.30000, 24.57239, -9.04200, 6.20136, -0.79200, 0.37631, 6.15081, 0.10000, -0.00000, 0.00000
9.32000, 24.31866, -9.22775, 6.18544, -0.80000, 0.36944, 6.13558, 0.10000, -0.00000, 0.00000
9.34000, 24.20328, -6.50400, 6.16936, -0.80800, 0.36424, 6.12395, 0.10000, -0.00000, 0.00000
9.36000, 24.05850, -7.06050, 6.15312, -0.81600, 0.35715, 6.10799, 0.10000, -0.00000, 0.00000
9.38000, 23.92086, -6.88225, 6.13672, -0.82400, 0.35075, 6.09349, 0.10000, -0.00000, 0.00000
9.40000, 23.78321, -6.78450, 6.12016, -0.83200, 0.34520, 6.08083, 0.10000, -0.00000, 0.00000
9.42000, 23.64948, -6.73550, 6.10344, -0.84000, 0.33979, 6.06842, 0.10000, -0.00000, 0.00000
9.44000, 23.51379, -7.26500, 6.08656, -0.84800, 0.33184, 6.05003, 0.10000, -0.00000, 0.00000
9.46000, 23.35888, -7.51000, 6.06952, -0.85600, 0.32403, 6.03186, 0.10000, -0.00000, 0.00000
9.48000, 23.21339, -8.80850, 6.05232, -0.86400, 0.31776, 6.01716, 0.10000, -0.00000, 0.00000
9.50000, 23.00654, -9.37400, 6.03497, -0.86696, 0.31013, 5.99913, 0.10000, -0.00000, 0.00000
9.52000, 22.83843, -8.11275, 6.01781, -0.84976, 0.30563, 5.98840, 0.10000, -0.00000, 0.00000
9.54000, 22.68203, -7.20450, 6.00098, -0.83256, 0.29950, 5.97368, 0.10000, -0.00000, 0.00000
9.56000, 22.55025, -6.45225, 5.98450, -0.81536, 0.29383, 5.95996, 0.10000, -0.00000, 0.00000
9.58000, 22.42394, -5.56475, 5.96837, -0.79816, 0.28586, 5.94053, 0.10000, -0.00000, 0.00000
9.60000, 22.32766, -4.79325, 5.95258, -0.78096, 0.27977, 5.92558, 0.10000, -0.00000, 0.00000
9.62000, 22.23221, -8.25100, 5.93713, -0.76376, 0.27544, 5.91491, 0.10000, -0.00000, 0.00000
9.64000, 21.99762, -10.30200, 5.92203, -0.74656, 0.26750, 5.89521, 0.10000, -0.00000, 0.00000
9.66000, 21.82013, -9.47100, 5.90727, -0.72936, 0.26352, 5.88523, 0.10000, -0.00000, 0.00000
9.68000, 21.61878, -7.32075, 5.89285, -0.71216, 0.25728, 5.86945, 0.10000, -0.00000, 0.00000
9.70000, 21.52730, -7.02675, 5.87878, -0.69496, 0.25305, 5.85864, 0.10000, -0.00000, 0.00000
9.72000, 21.33771, -11.30775, 5.86505, -0.67776, 0.24852, 5.84700, 0.10000, -0.00000, 0.00000
9.74000, 21.07499, -10.72200, 5.85167, -0.66056, 0.24034, 5.82568, 0.10000, -0.00000, 0.00000
9.76000, 20.90883, -8.63100, 5.83863, -0.64336, 0.23622, 5.81483, 0.10000, -0.00000, 0.00000
9.78000, 20.72975, -7.60550, 5.82594, -0.62616, 0.23144, 5.80211, 0.10000, -0.00000, 0.00000
9.80000, 20.60461, -7.53650, 5.81359, -0.60896, 0.22712, 5.79054, 0.10000, -0.00000, 0.00000
9.82000, 20.42829, -8.83550, 5.80158, -0.59176, 0.22392, 5.78191, 0.10000, -0.00000, 0.00000
9.84000, 20.25119, -6.66550, 5.78991, -0.57456, 0.21939, 5.76957, 0.10000, -0.00000, 0.00000
9.86000, 20.16167, -8.05400, 5.77860, -0.55736, 0.21578, 5.75967, 0.10000, -0.00000, 0.00000
9.88000, 19.92903, -8.83800, 5.76762, -0.54016, 0.21081, 5.74588, 0.10000, -0.00000, 0.00000
9.90000, 19.80815, -6.06275, 5.75699, -0.52296, 0.20700, 5.73523, 0.10000, -0.00000, 0.00000
9.92000, 19.68652, -4.51700, 5.74670, -0.50576, 0.20342, 5.72516, 0.10000, -0.00000, 0.00000
9.94000, 19.62747, -4.02875, 5.73676, -0.48856, 0.20121, 5.71891, 0.10000, -0.00000, 0.00000
9.96000, 19.52537, -4.06800, 5.72716, -0.47136, 0.19838, 5.71088, 0.10000, -0.00000, 0.00000
9.98000, 19.46475, -4.84900, 5.71790, -0.45416, 0.19476, 5.70055, 0.10000, -0.00000, 0.00000
10.00000, 19.33141, -6.05200, 5.70899, -0.43696, 0.19126, 5.69049, 0.10000, -0.00000, 0.00000
10.02000, 19.22267, -5.73950, 5.70043, -0.41976, 0.18818, 5.68159, 0.10000, -0.00000, 0.00000
10.04000, 19.10183, -6.26775, 5.69220, -0.40256, 0.18488, 5.67198, 0.10000, -0.00000, 0.00000
10.06000, 18.97196, -4.18600, 5.68432, -0.38536, 0.18197, 5.66346, 0.10000, -0.00000, 0.00000
10.08000, 18.93439, -3.10100, 5.67679, -0.36816, 0.18041, 5.65888, 0.10000, -0.00000, 0.00000
10.10000, 18.84792, -4.31375, 5.66960, -0.35096, 0.17753, 5.65037, 0.10000, -0.00000, 0.00000
10.12000, 18.76184, -2.15200, 5.66275, -0.33376, 0.17480, 5.64229, 0.10000, -0.00000, 0.00000
10.14000, 18.76184, -2.13250, 5.65625, -0.31656, 0.17301, 5.63695, 0.10000, -0.00000, 0.00000
10.16000, 18.67654, -4.38225, 5.65009, -0.29936, 0.17009, 5.62824, 0.10000, -0.00000, 0.00000
10.18000, 18.58655, -3.13050, 5.64427, -0.28216, 0.16759, 5.62073, 0.10000, -0.00000, 0.00000
10.20000, 18.55132, -2.11475, 5.63880, -0.26496, 0.16671, 5.61809, 0.10000, -0.00000, 0.00000
10.22000, 18.50196, -1.44350, 5.63367, -0.24776, 0.16443, 5.61118, 0.10000, -0.00000, 0.00000
10.24000, 18.49358, 0.43150, 5.62889, -0.23056, 0.16230, 5.60476, 0.10000, -0.00000, 0.00000
10.26000, 18.51922, 1.03950, 5.62445, -0.21336, 0.16041, 5.59903, 0.10000, -0.00000, 0.00000
10.28000, 18.53516, 1.09800, 5.62036, -0.19616, 0.15945, 5.59613, 0.10000, -0.00000, 0.00000
10.30000, 18.56314, 0.37375, 5.61661, -0.17896, 0.15783, 5.59125, 0.10000, -0.00000, 0.00000
10.32000, 18.55011, -0.87450, 5.61320, -0.16176, 0.15645, 5.58710, 0.10000, -0.00000, 0.00000
10.34000, 18.52816, -0.91175, 5.61013, -0.14456, 0.15540, 5.58393, 0.10000, -0.00000, 0.00000
10.36000, 18.51364, -1.03075, 5.60742, -0.12736, 0.15463, 5.58162, 0.10000, -0.00000, 0.00000
10.38000, 18.48693, -0.89400, 5.60504, -0.11016, 0.15353, 5.57829, 0.10000, -0.00000, 0.00000
10.40000, 18.47788, -0.28950, 5.60301, -0.09296, 0.15265, 5.57561, 0.10000, -0.00000, 0.00000
10.42000, 18.47535, 0.00350, 5.60132, -0.07576, 0.15170, 5.57276, 0.10000, -0.00000, 0.00000
10.44000, 18.47802, 0.42625, 5.59998, -0.05856, 0.15100, 5.57063, 0.10000, -0.00000, 0.00000
10.46000, 18.49240, 1.64818, 5.59898, -0.04136, 0.15065, 5.56956, 0.10000, -0.00000, 0.00000
10.47300, 18.53241, 1.21242, 5.59851, 0.00000, 0.14763, 5.56045, 0.10000, -0.00000, 0.00000
10.49300, 18.53241, -0.89565, 5.59862, 0.00460, 0.14763, 5.56045, 0.10000, -0.00000, 0.00000
10.49600, 18.51181, -0.89565, 5.59864, 0.00000, 0.14788, 5.56122, 0.10000, -0.00000, 0.00000
10.51600, 18.51181, -0.00000, 5.59881, 0.01720, 0.14788, 5.56122, 0.10000, -0.00000, 0.00000
10.53600, 18.51181, -0.00000, 5.59918, 0.01550, 0.14788, 5.56122, 0.10000, -0.00000, 0.00000
10.55600, 18.51181, -0.00000, 5.59941, 0.00750, 0.14788, 5.56122, 0.10000, -0.00000, 0.00000
