0.00000, -0.00386, -0.54500, 0.00000, 0.00000, 0.00000, 0.00002, 27.21045, -0.00000, 0.00000
0.02000, -0.01476, -0.72050, 0.00017, 0.01720, 0.00000, 0.00007, 27.21045, -0.00000, 0.00000
0.04000, -0.03268, 0.00325, 0.00069, 0.03440, 0.00000, 0.00010, 27.21045, -0.00000, 0.00000
0.06000, -0.01463, 1.89875, 0.00155, 0.05160, 0.00000, 0.00036, 27.21045, -0.00000, 0.00000
0.08000, 0.04327, 2.16150, 0.00275, 0.06880, 0.00000, 0.00079, 27.21045, -0.00000, 0.00000
0.10000, 0.07183, 1.10575, 0.00430, 0.08600, 0.00000, 0.00121, 27.21045, -0.00000, 0.00000
0.12000, 0.08750, 0.31625, 0.00619, 0.10320, 0.00000, 0.00184, 27.21045, -0.00000, 0.00000
0.14000, 0.08448, -0.50400, 0.00843, 0.12040, 0.00001, 0.00299, 27.21045, -0.00000, 0.00000
0.16000, 0.06734, -1.66675, 0.01101, 0.13760, 0.00001, 0.00418, 27.21045, -0.00000, 0.00000
0.18000, 0.01781, -2.30150, 0.01393, 0.15480, 0.00001, 0.00670, 27.21045, -0.00000, 0.00000
0.20000, -0.02472, -1.74575, 0.01720, 0.17200, 0.00001, 0.00775, 27.21045, -0.00000, 0.00000
0.22000, -0.05202, -2.34050, 0.02081, 0.18920, 0.00001, 0.00994, 27.21045, -0.00000, 0.00000
0.24000, -0.11834, -2.49675, 0.02477, 0.20640, 0.00001, 0.01359, 27.21045, -0.00000, 0.00000
0.26000, -0.15189, -1.67750, 0.02907, 0.22360, 0.00000, 0.01614, 27.21045, -0.00000, 0.00000
0.28000, -0.18544, -1.78500, 0.03371, 0.24080, -0.00000, 0.01816, 27.21045, -0.00000, 0.00000
0.30000, -0.22329, -2.56525, 0.03870, 0.25800, -0.00001, 0.02180, 27.21045, -0.00000, 0.00000
0.32000, -0.28805, -2.82825, 0.04403, 0.27520, -0.00003, 0.02719, 27.21045, -0.00000, 0.00000
0.34000, -0.33642, -2.45700, 0.04971, 0.29240, -0.00005, 0.02996, 27.21045, -0.00000, 0.00000
0.36000, -0.38633, -1.82300, 0.05573, 0.30960, -0.00009, 0.03827, 27.21045, -0.00000, 0.00000
0.38000, -0.40934, -0.98425, 0.06209, 0.32680, -0.00011, 0.04155, 27.21045, -0.00000, 0.00000
0.40000, -0.42570, -0.74975, 0.06880, 0.34400, -0.00015, 0.04738, 27.21045, -0.00000, 0.00000
0.42000, -0.43933, -0.58275, 0.07585, 0.36120, -0.00017, 0.05055, 27.21045, -0.00000, 0.00000
0.44000, -0.44901, -0.09425, 0.08325, 0.37840, -0.00024, 0.06013, 27.21045, -0.00000, 0.00000
0.46000, -0.44310, 0.59900, 0.09099, 0.39560, -0.00029, 0.06676, 27.21045, -0.00000, 0.00000
0.48000, -0.42505, 0.48175, 0.09907, 0.41280, -0.00036, 0.07697, 27.21045, -0.00000, 0.00000
0.50000, -0.42383, 0.10975, 0.10750, 0.43000, -0.00039, 0.08143, 27.21045, -0.00000, 0.00000
0.52000, -0.42066, 0.53100, 0.11627, 0.44720, -0.00044, 0.08829, 27.21045, -0.00000, 0.00000
0.54000, -0.40259, 0.45175, 0.12539, 0.46440, -0.00050, 0.09835, 27.21045, -0.00000, 0.00000
0.56000, -0.40259, 0.06075, 0.13485, 0.48160, -0.00054, 0.10505, 27.21045, -0.00000, 0.00000
0.58000, -0.40016, -0.00650, 0.14465, 0.49880, -0.00061, 0.11545, 27.21045, -0.00000, 0.00000
0.60000, -0.40285, 0.21825, 0.15480, 0.51600, -0.00065, 0.12227, 27.21045, -0.00000, 0.00000
0.62000, -0.39143, 0.34500, 0.16529, 0.53320, -0.00073, 0.13395, 27.21045, -0.00000, 0.00000
0.64000, -0.38905, 0.04225, 0.17613, 0.55040, -0.00076, 0.13907, 27.21045, -0.00000, 0.00000
0.66000, -0.38974, -0.06500, 0.18731, 0.56760, -0.00084, 0.15266, 27.21045, -0.00000, 0.00000
0.68000, -0.39165, 0.11050, 0.19883, 0.58480, -0.00090, 0.16164, 27.21045, -0.00000, 0.00000
0.70000, -0.38532, 0.65800, 0.21070, 0.60200, -0.00099, 0.17704, 27.21045, -0.00000, 0.00000
0.72000, -0.36533, 1.61525, 0.22291, 0.61920, -0.00102, 0.18251, 27.21045, -0.00000, 0.00000
0.74000, -0.32071, 1.90750, 0.23547, 0.63640, -0.00111, 0.19832, 27.21045, -0.00000, 0.00000
0.76000, -0.28903, 1.66225, 0.24837, 0.65360, -0.00117, 0.20952, 27.21045, -0.00000, 0.00000
0.78000, -0.25422, 1.55600, 0.26161, 0.67080, -0.00123, 0.22573, 27.21045, -0.00000, 0.00000
0.80000, -0.22679, 0.29725, 0.27520, 0.68800, -0.00126, 0.23360, 27.21045, -0.00000, 0.00000
0.82000, -0.24233, -0.30925, 0.28913, 0.70520, -0.00131, 0.25030, 27.21045, -0.00000, 0.00000
0.84000, -0.23916, 0.89200, 0.30341, 0.72240, -0.00134, 0.25795, 27.21045, -0.00000, 0.00000
0.86000, -0.20665, 2.10400, 0.31803, 0.73960, -0.00140, 0.27691, 27.21045, -0.00000, 0.00000
0.88000, -0.15500, 1.29125, 0.33299, 0.75680, -0.00145, 0.29492, 27.21045, -0.00000, 0.00000
0.90000, -0.15500, 1.70200, 0.34830, 0.77400, -0.00147, 0.30396, 27.21045, -0.00000, 0.00000
0.92000, -0.08692, 2.68075, 0.36395, 0.79120, -0.00149, 0.31931, 27.21045, -0.00000, 0.00000
0.94000, -0.04777, 2.05500, 0.37995, 0.80840, -0.00150, 0.33741, 27.21045, -0.00000, 0.00000
0.96000, -0.00472, 2.43575, 0.39629, 0.82560, -0.00149, 0.35381, 27.21045, -0.00000, 0.00000
0.98000, 0.04966, 3.06100, 0.41297, 0.84280, -0.00148, 0.37073, 27.21045, -0.00000, 0.00000
1.00000, 0.11772, 2.51300, 0.43000, 0.86000, -0.00144, 0.38895, 27.21045, -0.00000, 0.00000
1.02000, 0.15018, 2.43475, 0.44737, 0.87720, -0.00139, 0.40522, 27.21045, -0.00000, 0.00000
1.04000, 0.21511, 3.32625, 0.46509, 0.89440, -0.00133, 0.42002, 27.21045, -0.00000, 0.00000
1.06000, 0.28323, 1.51000, 0.48315, 0.91160, -0.00120, 0.44495, 27.21045, -0.00000, 0.00000
1.08000, 0.27551, -0.94275, 0.50155, 0.92880, -0.00110, 0.46420, 27.21045, -0.00000, 0.00000
1.10000, 0.24552, -1.46050, 0.52030, 0.94600, -0.00100, 0.48288, 27.21045, -0.00000, 0.00000
1.12000, 0.21709, -0.70875, 0.53939, 0.96320, -0.00093, 0.49800, 27.21045, -0.00000, 0.00000
1.14000, 0.21717, 0.23000, 0.55883, 0.98040, -0.00084, 0.51872, 27.21045, -0.00000, 0.00000
1.16000, 0.22629, 0.14175, 0.57861, 0.99760, -0.00073, 0.54178, 27.21045, -0.00000, 0.00000
1.18000, 0.22284, -0.93375, 0.59873, 1.01480, -0.00066, 0.55723, 27.21045, -0.00000, 0.00000
1.20000, 0.18894, -1.16650, 0.61920, 1.03200, -0.00059, 0.57333, 27.21045, -0.00000, 0.00000
1.22000, 0.17618, -0.66850, 0.64001, 1.04920, -0.00049, 0.60100, 27.21045, -0.00000, 0.00000
1.24000, 0.16220, -1.01125, 0.66117, 1.06640, -0.00042, 0.61896, 27.21045, -0.00000, 0.00000
1.26000, 0.13573, -1.19675, 0.68267, 1.08360, -0.00037, 0.63487, 27.21045, -0.00000, 0.00000
1.28000, 0.11433, -2.08550, 0.70451, 1.10080, -0.00031, 0.65398, 27.21045, -0.00000, 0.00000
1.30000, 0.05231, -3.96975, 0.72670, 1.11800, -0.00026, 0.67501, 27.21045, -0.00000, 0.00000
1.32000, -0.04446, -5.23925, 0.74923, 1.13520, -0.00024, 0.69725, 27.21045, -0.00000, 0.00000
1.34000, -0.15726, -6.21650, 0.77211, 1.15240, -0.00026, 0.72027, 27.21045, -0.00000, 0.00000
1.36000, -0.29312, -6.66575, 0.79533, 1.16960, -0.00033, 0.74239, 27.21045, -0.00000, 0.00000
1.38000, -0.42389, -6.37250, 0.81889, 1.18680, -0.00044, 0.76281, 27.21045, -0.00000, 0.00000
1.40000, -0.54802, -7.92525, 0.84280, 1.20400, -0.00064, 0.78874, 27.21045, -0.00000, 0.00000
1.42000, -0.74090, -11.93850, 0.86705, 1.22120, -0.00084, 0.80968, 27.21045, -0.00000, 0.00000
1.44000, -1.02556, -10.18175, 0.89165, 1.23840, -0.00114, 0.83193, 27.21045, -0.00000, 0.00000
1.46000, -1.14817, -12.73975, 0.91659, 1.25560, -0.00158, 0.85625, 27.21045, -0.00000, 0.00000
1.48000, -1.53515, -14.57475, 0.94187, 1.27280, -0.00223, 0.88425, 27.21045, -0.00000, 0.00000
1.50000, -1.73116, -6.78400, 0.96750, 1.29000, -0.00274, 0.90299, 27.21045, -0.00000, 0.00000
1.52000, -1.80651, -4.02025, 0.99347, 1.30720, -0.00354, 0.92970, 27.21045, -0.00000, 0.00000
1.54000, -1.89197, -3.13025, 1.01979, 1.32440, -0.00437, 0.95540, 27.21045, -0.00000, 0.00000
1.56000, -1.93172, -0.51325, 1.04645, 1.34160, -0.00517, 0.97989, 27.21045, -0.00000, 0.00000
1.58000, -1.91250, 1.75275, 1.07345, 1.35880, -0.00621, 1.01166, 27.21045, -0.00000, 0.00000
1.60000, -1.86161, 3.55950, 1.10080, 1.37600, -0.00703, 1.03728, 27.21045, -0.00000, 0.00000
1.62000, -1.77012, 4.69175, 1.12849, 1.39320, -0.00771, 1.05935, 27.21045, -0.00000, 0.00000
1.64000, -1.67394, 4.67250, 1.15653, 1.41040, -0.00867, 1.09218, 27.21045, -0.00000, 0.00000
1.66000, -1.58322, 4.27200, 1.18491, 1.42760, -0.00929, 1.11448, 27.21045, -0.00000, 0.00000
1.68000, -1.50306, 4.46775, 1.21363, 1.44480, -0.01010, 1.14576, 27.21045, -0.00000, 0.00000
1.70000, -1.40451, 4.36025, 1.24270, 1.46200, -0.01085, 1.17618, 27.21045, -0.00000, 0.00000
1.72000, -1.32865, 3.61750, 1.27211, 1.47920, -0.01154, 1.20632, 27.21045, -0.00000, 0.00000
1.74000, -1.25981, 3.31500, 1.30187, 1.49640, -0.01204, 1.22932, 27.21045, -0.00000, 0.00000
1.76000, -1.19605, 2.70950, 1.33197, 1.51360, -0.01269, 1.26066, 27.21045, -0.00000, 0.00000
1.78000, -1.15143, 2.08450, 1.36241, 1.53080, -0.01333, 1.29284, 27.21045, -0.00000, 0.00000
1.80000, -1.11267, 1.56675, 1.39320, 1.54800, -0.01382, 1.31833, 27.21045, -0.00000, 0.00000
1.82000, -1.08876, 0.83475, 1.42433, 1.56520, -0.01450, 1.35538, 27.21045, -0.00000, 0.00000
1.84000, -1.07928, 0.05375, 1.45581, 1.58240, -0.01494, 1.37917, 27.21045, -0.00000, 0.00000
1.86000, -1.08661, -1.42125, 1.48763, 1.59960, -0.01556, 1.41352, 27.21045, -0.00000, 0.00000
1.88000, -1.13613, -3.74575, 1.51979, 1.61680, -0.01621, 1.44844, 27.21045, -0.00000, 0.00000
1.90000, -1.23644, -5.65975, 1.55230, 1.63400, -0.01687, 1.48119, 27.21045, -0.00000, 0.00000
1.92000, -1.36252, -6.82175, 1.58515, 1.65120, -0.01755, 1.51226, 27.21045, -0.00000, 0.00000
1.94000, -1.50931, -7.61300, 1.61835, 1.66840, -0.01830, 1.54326, 27.21045, -0.00000, 0.00000
1.96000, -1.66704, -10.67875, 1.65189, 1.68560, -0.01912, 1.57371, 27.21045, -0.00000, 0.00000
1.98000, -1.93646, -12.00675, 1.68577, 1.70280, -0.02012, 1.60716, 27.21045, -0.00000, 0.00000
2.00000, -2.14731, -10.30825, 1.72000, 1.72000, -0.02139, 1.64386, 27.21045, -0.00000, 0.00000
2.02000, -2.34879, -9.76125, 1.75457, 1.73720, -0.02242, 1.67077, 27.21045, -0.00000, 0.00000
2.04000, -2.53776, -8.72600, 1.78949, 1.75440, -0.02394, 1.70756, 27.21045, -0.00000, 0.00000
2.06000, -2.69783, -8.05250, 1.82475, 1.77160, -0.02599, 1.75302, 27.21045, -0.00000, 0.00000
2.08000, -2.85986, -8.67750, 1.86035, 1.78880, -0.02762, 1.78679, 27.21045, -0.00000, 0.00000
2.10000, -3.04493, -10.24900, 1.89628, 1.80000, -0.02920, 1.81746, 27.21045, -0.00000, 0.00000
2.12000, -3.26982, -9.43850, 1.93228, 1.80000, -0.03136, 1.85666, 27.21045, -0.00000, 0.00000
2.14000, -3.42247, -7.67150, 1.96828, 1.80000, -0.03306, 1.88585, 27.21045, -0.00000, 0.00000
2.16000, -3.57668, -7.79825, 2.00428, 1.80000, -0.03508, 1.91921, 27.21045, -0.00000, 0.00000
2.18000, -3.73440, -7.51525, 2.04028, 1.80000, -0.03747, 1.95695, 27.21045, -0.00000, 0.00000
2.20000, -3.87729, -6.44100, 2.07628, 1.80000, -0.03983, 1.99249, 27.21045, -0.00000, 0.00000
2.22000, -3.99204, -5.68725, 2.11228, 1.80000, -0.04217, 2.02662, 27.21045, -0.00000, 0.00000
2.24000, -4.10478, -2.98250, 2.14828, 1.80000, -0.04544, 2.07302, 27.21045, -0.00000, 0.00000
2.26000, -4.11134, 0.44375, 2.18428, 1.80000, -0.04777, 2.10576, 27.21045, -0.00000, 0.00000
2.28000, -4.08703, 0.85400, 2.22028, 1.80000, -0.05009, 2.13847, 27.21045, -0.00000, 0.00000
2.30000, -4.07718, 0.18975, 2.25628, 1.80000, -0.05324, 2.18300, 27.21045, -0.00000, 0.00000
2.32000, -4.07944, -0.12250, 2.29228, 1.80000, -0.05546, 2.21457, 27.21045, -0.00000, 0.00000
2.34000, -4.08208, -0.68900, 2.32828, 1.80000, -0.05783, 2.24801, 27.21045, -0.00000, 0.00000
2.36000, -4.10700, -2.36825, 2.36428, 1.80000, -0.06022, 2.28178, 27.21045, -0.00000, 0.00000
2.38000, -4.17681, -4.13575, 2.40028, 1.80000, -0.06222, 2.30974, 27.21045, -0.00000, 0.00000
2.40000, -4.27243, -5.38625, 2.43628, 1.80000, -0.06478, 2.34493, 27.21045, -0.00000, 0.00000
2.42000, -4.39226, -6.34325, 2.47228, 1.80000, -0.06870, 2.39704, 27.21045, -0.00000, 0.00000
2.44000, -4.52616, -6.29450, 2.50828, 1.80000, -0.07076, 2.42357, 27.21045, -0.00000, 0.00000
2.46000, -4.64404, -6.12850, 2.54428, 1.80000, -0.07378, 2.46160, 27.21045, -0.00000, 0.00000
2.48000, -4.77130, -6.48000, 2.58028, 1.80000, -0.07617, 2.49075, 27.21045, -0.00000, 0.00000
2.50000, -4.90324, -7.06550, 2.61628, 1.80000, -0.07927, 2.52787, 27.21045, -0.00000, 0.00000
2.52000, -5.05392, -5.93275, 2.65228, 1.80000, -0.08218, 2.56155, 27.21045, -0.00000, 0.00000
2.54000, -5.14055, -3.51125, 2.68828, 1.80000, -0.08629, 2.60799, 27.21045, -0.00000, 0.00000
2.56000, -5.19437, -2.06600, 2.72428, 1.80000, -0.08934, 2.64196, 27.21045, -0.00000, 0.00000
2.58000, -5.22319, -0.62075, 2.76028, 1.80000, -0.09224, 2.67390, 27.21045, -0.00000, 0.00000
2.60000, -5.21920, -0.60125, 2.79628, 1.80000, -0.09534, 2.70815, 27.21045, -0.00000, 0.00000
2.62000, -5.24724, -0.65975, 2.83228, 1.80000, -0.09789, 2.73621, 27.21045, -0.00000, 0.00000
2.64000, -5.24559, -0.05350, 2.86828, 1.80000, -0.10135, 2.77416, 27.21045, -0.00000, 0.00000
2.66000, -5.24938, -0.33675, 2.90428, 1.80000, -0.10453, 2.80910, 27.21045, -0.00000, 0.00000
2.68000, -5.25906, -0.89425, 2.94028, 1.80000, -0.10804, 2.84750, 27.21045, -0.00000, 0.00000
2.70000, -5.28515, -0.04450, 2.97628, 1.80000, -0.11137, 2.88392, 27.21045, -0.00000, 0.00000
2.72000, -5.26084, 1.42050, 3.01228, 1.80000, -0.11519, 2.92564, 27.21045, -0.00000, 0.00000
2.74000, -5.22833, 0.81275, 3.04828, 1.80000, -0.11858, 2.96277, 27.21045, -0.00000, 0.00000
2.76000, -5.22833, 1.29100, 3.08428, 1.80000, -0.12074, 2.98653, 27.21045, -0.00000, 0.00000
2.78000, -5.17669, 3.04175, 3.12028, 1.80000, -0.12347, 3.01687, 27.21045, -0.00000, 0.00000
2.80000, -5.10666, 3.01275, 3.15628, 1.80000, -0.12711, 3.05763, 27.21045, -0.00000, 0.00000
2.82000, -5.05618, 2.68025, 3.19228, 1.80000, -0.13047, 3.09576, 27.21045, -0.00000, 0.00000
2.84000, -4.99945, 2.89500, 3.22828, 1.80000, -0.13356, 3.13122, 27.21045, -0.00000, 0.00000
2.86000, -4.94038, 3.23675, 3.26428, 1.80000, -0.13637, 3.16384, 27.21045, -0.00000, 0.00000
2.88000, -4.86998, 2.52275, 3.30028, 1.80000, -0.13931, 3.19831, 27.21045, -0.00000, 0.00000
2.90000, -4.83947, 2.44450, 3.33628, 1.80000, -0.14237, 3.23468, 27.21045, -0.00000, 0.00000
2.92000, -4.77220, 3.48100, 3.37228, 1.80000, -0.14493, 3.26547, 27.21045, -0.00000, 0.00000
2.94000, -4.70023, 3.87225, 3.40828, 1.80000, -0.14813, 3.30442, 27.21045, -0.00000, 0.00000
2.96000, -4.61731, 3.91100, 3.44428, 1.80000, -0.15147, 3.34588, 27.21045, -0.00000, 0.00000
2.98000, -4.54379, 3.61750, 3.48028, 1.80000, -0.15415, 3.37955, 27.21045, -0.00000, 0.00000
3.00000, -4.47261, 2.64000, 3.51628, 1.80000, -0.15738, 3.42093, 27.21045, -0.00000, 0.00000
3.02000, -4.43819, 1.47775, 3.55228, 1.80000, -0.15950, 3.44834, 27.21045, -0.00000, 0.00000
3.04000, -4.41350, 0.99075, 3.58828, 1.80000, -0.16204, 3.48155, 27.21045, -0.00000, 0.00000
3.06000, -4.39856, 1.55725, 3.62428, 1.80000, -0.16541, 3.52563, 27.21045, -0.00000, 0.00000
3.08000, -4.35121, 3.33475, 3.66028, 1.80000, -0.16803, 3.56013, 27.21045, -0.00000, 0.00000
3.10000, -4.26517, 5.33675, 3.69628, 1.80000, -0.17120, 3.60267, 27.21045, -0.00000, 0.00000
3.12000, -4.13774, 5.40375, 3.73228, 1.80000, -0.17436, 3.64612, 27.21045, -0.00000, 0.00000
3.14000, -4.04902, 6.84900, 3.76828, 1.80000, -0.17540, 3.66088, 27.21045, -0.00000, 0.00000
3.16000, -3.86378, 10.43400, 3.80428, 1.80000, -0.17797, 3.69819, 27.21045, -0.00000, 0.00000
3.18000, -3.63166, 8.68500, 3.84028, 1.80000, -0.18138, 3.75127, 27.21045, -0.00000, 0.00000
3.20000, -3.51638, 12.70950, 3.87628, 1.80000, -0.18252, 3.77004, 27.21045, -0.00000, 0.00000
3.22000, -3.12328, 19.26375, 3.91228, 1.80000, -0.18527, 3.81843, 27.21045, -0.00000, 0.00000
3.24000, -2.74583, 18.30550, 3.94828, 1.80000, -0.18736, 3.85924, 27.21045, -0.00000, 0.00000
3.26000, -2.39106, 14.03625, 3.98428, 1.80000, -0.18874, 3.88965, 27.21045, -0.00000, 0.00000
3.28000, -2.18438, 16.59500, 4.02028, 1.80000, -0.19007, 3.92319, 27.21045, -0.00000, 0.00000
3.30000, -1.72726, 25.01425, 4.05628, 1.80000, -0.19123, 3.95824, 27.21045, -0.00000, 0.00000
3.32000, -1.18381, 28.05125, 4.09228, 1.80000, -0.19227, 4.00262, 27.21045, -0.00000, 0.00000
3.34000, -0.60521, 29.88700, 4.12828, 1.80000, -0.19265, 4.03240, 27.21045, -0.00000, 0.00000
3.36000, 0.01167, 32.02575, 4.16428, 1.80000, -0.19280, 4.06585, 27.21045, -0.00000, 0.00000
3.38000, 0.67582, 39.28225, 4.20028, 1.80000, -0.19257, 4.10444, 27.21045, -0.00000, 0.00000
3.40000, 1.58296, 43.37400, 4.23628, 1.80000, -0.19204, 4.13255, 27.21045, -0.00000, 0.00000
3.42000, 2.41078, 43.84225, 4.27228, 1.80000, -0.19084, 4.16937, 27.21045, -0.00000, 0.00000
3.44000, 3.33665, 48.64700, 4.30828, 1.80000, -0.18912, 4.20597, 27.21045, -0.00000, 0.00000
3.46000, 4.35666, 64.12650, 4.34428, 1.80000, -0.18564, 4.25700, 27.21045, -0.00000, 0.00000
3.48000, 5.90171, 63.54050, 4.38028, 1.80000, -0.18234, 4.29423, 27.21045, -0.00000, 0.00000
3.50000, 6.89828, 56.96775, 4.41628, 1.80000, -0.17866, 4.32852, 27.21045, -0.00000, 0.00000
3.52000, 8.18042, 60.54200, 4.45228, 1.80000, -0.17440, 4.36210, 27.21045, -0.00000, 0.00000
3.54000, 9.31996, 58.31500, 4.48828, 1.80000, -0.16668, 4.41259, 27.21045, -0.00000, 0.00000
3.56000, 10.51302, 58.92025, 4.52428, 1.80000, -0.16057, 4.44616, 27.21045, -0.00000, 0.00000
3.58000, 11.67677, 70.24950, 4.56028, 1.80000, -0.15465, 4.47529, 27.21045, -0.00000, 0.00000
3.60000, 13.32300, 70.06425, 4.59628, 1.80000, -0.14589, 4.51421, 27.21045, -0.00000, 0.00000
3.62000, 14.47934, 84.66400, 4.63228, 1.80000, -0.13846, 4.54400, 27.21045, -0.00000, 0.00000
3.64000, 16.70956, 86.30475, 4.66828, 1.80000, -0.12661, 4.58596, 27.21045, -0.00000, 0.00000
3.66000, 17.93153, 75.60125, 4.70428, 1.80000, -0.11667, 4.61758, 27.21045, -0.00000, 0.00000
3.68000, 19.73361, 92.63325, 4.74028, 1.80000, -0.10280, 4.65798, 27.21045, -0.00000, 0.00000
3.70000, 21.63686, 80.07375, 4.77628, 1.80000, -0.08943, 4.69336, 27.21045, -0.00000, 0.00000
3.72000, 22.93656, 87.96500, 4.81228, 1.80000, -0.07603, 4.72600, 27.21045, -0.00000, 0.00000
3.74000, 25.15546, 98.71800, 4.84828, 1.80000, -0.05979, 4.76189, 27.21045, -0.00000, 0.00000
3.76000, 26.88528, 88.42450, 4.88428, 1.80000, -0.04366, 4.79483, 27.21045, -0.00000, 0.00000
3.78000, 28.69244, 93.18025, 4.92028, 1.80000, -0.02841, 4.82394, 27.21045, -0.00000, 0.00000
3.80000, 30.61249, 79.37075, 4.95628, 1.80000, -0.00969, 4.85705, 27.21045, -0.00000, 0.00000
3.82000, 31.86727, 101.17900, 4.99228, 1.80000, 0.00766, 4.88562, 27.21045, -0.00000, 0.00000
3.84000, 34.65965, 121.47275, 5.02828, 1.80000, 0.03390, 4.92518, 27.21045, -0.00000, 0.00000
3.86000, 36.72618, 86.70450, 5.06428, 1.80000, 0.05370, 4.95278, 27.21045, -0.00000, 0.00000
3.88000, 38.12783, 86.76325, 5.10028, 1.80000, 0.07347, 4.97860, 27.21045, -0.00000, 0.00000
3.90000, 40.19671, 124.50025, 5.13628, 1.80000, 0.09332, 5.00279, 27.21045, -0.00000, 0.00000
3.92000, 43.10784, 120.17425, 5.17228, 1.80000, 0.12373, 5.03704, 27.21045, -0.00000, 0.00000
3.94000, 45.00368, 92.21375, 5.20828, 1.80000, 0.14778, 5.06204, 27.21045, -0.00000, 0.00000
3.96000, 46.79639, 71.97800, 5.24428, 1.80000, 0.17269, 5.08633, 27.21045, -0.00000, 0.00000
3.98000, 47.88280, 64.47800, 5.28028, 1.80000, 0.19579, 5.10761, 27.21045, -0.00000, 0.00000
4.00000, 49.37551, 84.15850, 5.31625, 1.79520, 0.22158, 5.13025, 27.21045, -0.00000, 0.00000
4.02000, 51.24914, 68.06350, 5.35207, 1.78720, 0.25439, 5.15737, 27.21045, -0.00000, 0.00000
4.04000, 52.09805, 57.87650, 5.38774, 1.77920, 0.27997, 5.17756, 27.21045, -0.00000, 0.00000
4.06000, 53.56420, 73.84450, 5.42324, 1.77120, 0.30901, 5.19936, 27.21045, -0.00000, 0.00000
4.08000, 55.05183, 86.14950, 5.45859, 1.76320, 0.33400, 5.21721, 27.21045, -0.00000, 0.00000
4.10000, 57.01018, 108.01600, 5.49377, 1.75520, 0.36614, 5.23870, 27.21045, -0.00000, 0.00000
4.12000, 59.37247, 103.36700, 5.52879, 1.74720, 0.40055, 5.25989, 27.21045, -0.00000, 0.00000
4.14000, 61.14486, 105.69150, 5.56366, 1.73920, 0.42900, 5.27608, 27.21045, -0.00000, 0.00000
4.16000, 63.60013, 97.20550, 5.59836, 1.73120, 0.46521, 5.29506, 27.21045, -0.00000, 0.00000
4.18000, 65.03308, 80.43750, 5.63291, 1.72320, 0.49331, 5.30853, 27.21045, -0.00000, 0.00000
4.20000, 66.81763, 77.15600, 5.66729, 1.71520, 0.52486, 5.32266, 27.21045, -0.00000, 0.00000
4.22000, 68.11932, 86.29700, 5.70151, 1.70720, 0.56009, 5.33728, 27.21045, -0.00000, 0.00000
4.24000, 70.26951, 99.44275, 5.73558, 1.69920, 0.59093, 5.34902, 27.21045, -0.00000, 0.00000
4.26000, 72.09703, 83.54275, 5.76948, 1.69120, 0.62786, 5.36165, 27.21045, -0.00000, 0.00000
4.28000, 73.61122, 92.41975, 5.80323, 1.68320, 0.65173, 5.36913, 27.21045, -0.00000, 0.00000
4.30000, 75.79382, 113.40775, 5.83681, 1.67520, 0.69420, 5.38083, 27.21045, -0.00000, 0.00000
4.32000, 78.14753, 98.90450, 5.87023, 1.66720, 0.72692, 5.38837, 27.21045, -0.00000, 0.00000
4.34000, 79.75000, 91.54075, 5.90350, 1.65920, 0.75596, 5.39400, 27.21045, -0.00000, 0.00000
4.36000, 81.80916, 97.86025, 5.93660, 1.65120, 0.79008, 5.39940, 27.21045, -0.00000, 0.00000
4.38000, 83.66441, 99.19850, 5.96955, 1.64320, 0.82037, 5.40319, 27.21045, -0.00000, 0.00000
4.40000, 85.77710, 85.35975, 6.00233, 1.63520, 0.84971, 5.40595, 27.21045, -0.00000, 0.00000
4.42000, 87.07880, 61.01250, 6.03495, 1.62720, 0.88597, 5.40820, 27.21045, -0.00000, 0.00000
4.44000, 88.21760, 65.72100, 6.06742, 1.61920, 0.91244, 5.40918, 27.21045, -0.00000, 0.00000
4.46000, 89.70764, 54.19750, 6.09972, 1.61120, 0.94658, 5.40972, 27.21045, -0.00000, 0.00000
4.48000, 90.38550, 28.86375, 6.13187, 1.60320, 0.97571, 5.40967, 27.21045, -0.00000, 0.00000
4.50000, 90.86219, 21.15875, 6.16385, 1.59520, 1.00753, 5.40928, 27.21045, -0.00000, 0.00000
4.52000, 91.23185, 14.98600, 6.19567, 1.58720, 1.04107, 5.40863, 27.21045, -0.00000, 0.00000
4.54000, 91.46163, 15.16225, 6.22734, 1.57920, 1.05777, 5.40823, 27.21045, -0.00000, 0.00000
4.56000, 91.83834, 14.57625, 6.25884, 1.57120, 1.09437, 5.40716, 27.21045, -0.00000, 0.00000
4.58000, 92.04468, 14.28275, 6.29019, 1.56320, 1.12050, 5.40627, 27.21045, -0.00000, 0.00000
4.60000, 92.40965, 14.91750, 6.32137, 1.55520, 1.15791, 5.40478, 27.21045, -0.00000, 0.00000
4.62000, 92.64138, 14.98600, 6.35239, 1.54720, 1.18343, 5.40365, 27.21045, -0.00000, 0.00000
4.64000, 93.00909, 14.57575, 6.38326, 1.53920, 1.21890, 5.40188, 27.21045, -0.00000, 0.00000
4.66000, 93.22441, 9.94625, 6.41396, 1.53120, 1.24595, 5.40039, 27.21045, -0.00000, 0.00000
4.68000, 93.40694, 6.87100, 6.44451, 1.52320, 1.27148, 5.39889, 27.21045, -0.00000, 0.00000
4.70000, 93.49925, 2.84725, 6.47489, 1.51520, 1.30796, 5.39666, 27.21045, -0.00000, 0.00000
4.72000, 93.52083, -0.24950, 6.50511, 1.50720, 1.33572, 5.39494, 27.21045, -0.00000, 0.00000
4.74000, 93.48927, -3.39425, 6.53518, 1.49920, 1.36041, 5.39341, 27.21045, -0.00000, 0.00000
4.76000, 93.38506, -8.91000, 6.56508, 1.49120, 1.38736, 5.39176, 27.21045, -0.00000, 0.00000
4.78000, 93.13287, -8.27625, 6.59483, 1.48320, 1.42842, 5.38937, 27.21045, -0.00000, 0.00000
4.80000, 93.05401, -6.31400, 6.62441, 1.47520, 1.45136, 5.38812, 27.21045, -0.00000, 0.00000
4.82000, 92.88031, -7.05525, 6.65383, 1.46720, 1.48436, 5.38637, 27.21045, -0.00000, 0.00000
4.84000, 92.77180, -4.19600, 6.68310, 1.45920, 1.51223, 5.38496, 27.21045, -0.00000, 0.00000
4.86000, 92.71247, -4.57675, 6.71220, 1.45120, 1.54358, 5.38344, 27.21045, -0.00000, 0.00000
4.88000, 92.58873, -9.76025, 6.74115, 1.44320, 1.56708, 5.38235, 27.21045, -0.00000, 0.00000
4.90000, 92.32206, -8.77500, 6.76993, 1.43520, 1.60208, 5.38080, 27.21045, -0.00000, 0.00000
4.92000, 92.23773, -5.01675, 6.79855, 1.42720, 1.62635, 5.37982, 27.21045, -0.00000, 0.00000
4.94000, 92.12139, -9.20425, 6.82702, 1.41920, 1.64417, 5.37915, 27.21045, -0.00000, 0.00000
4.96000, 91.86956, -8.34525, 6.85532, 1.41120, 1.68363, 5.37778, 27.21045, -0.00000, 0.00000
4.98000, 91.78758, -5.77800, 6.88347, 1.40320, 1.70331, 5.37715, 27.21045, -0.00000, 0.00000
5.00000, 91.63844, -7.23225, 6.91145, 1.39520, 1.73202, 5.37630, 27.21045, -0.00000, 0.00000
5.02000, 91.49829, -6.43125, 6.93927, 1.38720, 1.76091, 5.37550, 27.21045, -0.00000, 0.00000
5.04000, 91.38119, -5.68900, 6.96694, 1.37920, 1.78481, 5.37489, 27.21045, -0.00000, 0.00000
5.06000, 91.27073, -4.27350, 6.99444, 1.37120, 1.81743, 5.37411, 27.95813, -0.00000, 0.00000
5.08000, 91.21025, -3.07225, 7.02179, 1.36320, 1.83516, 5.37372, 28.82269, -0.00000, 0.00000
5.10000, 91.14784, -2.59325, 7.04897, 1.35520, 1.86565, 5.37308, 30.80668, -0.00000, 0.00000
5.12000, 91.10652, -2.04650, 7.07599, 1.34720, 1.89645, 5.37245, 33.01946, -0.00000, 0.00000
5.14000, 91.06598, -1.58750, 7.10286, 1.33920, 1.92181, 5.37195, 35.26605, -0.00000, 0.00000
5.16000, 91.04302, -0.83650, 7.12956, 1.33120, 1.95264, 5.37136, 37.47883, -0.00000, 0.00000
5.18000, 91.03252, -0.02725, 7.15611, 1.32320, 1.98174, 5.37082, 38.58522, -0.00000, 0.00000
5.20000, 91.04193, -0.44600, 7.18249, 1.31520, 1.99745, 5.37052, 39.69161, -0.00000, 0.00000
5.22000, 91.01468, -0.80550, 7.20871, 1.30720, 2.02505, 5.37001, 41.93830, -0.00000, 0.00000
5.24000, 91.00971, 0.38450, 7.23478, 1.29920, 2.05950, 5.36938, 43.20028, -0.00000, 0.00000
5.26000, 91.03006, 0.91150, 7.26068, 1.29120, 2.07165, 5.36915, 44.68143, -0.00000, 0.00000
5.28000, 91.04617, -0.94275, 7.28643, 1.28320, 2.10422, 5.36854, 47.66258, -0.00000, 0.00000
5.30000, 90.99235, -1.78400, 7.31201, 1.27520, 2.13101, 5.36804, 50.66258, -0.00000, 0.00000
5.32000, 90.97481, -1.53000, 7.33743, 1.26720, 2.15529, 5.36761, 52.16258, -0.00000, 0.00000
5.34000, 90.93115, -1.97925, 7.36270, 1.25920, 2.18037, 5.36717, 55.16258, -0.00000, 0.00000
5.36000, 90.89564, -2.47725, 7.38780, 1.25120, 2.20149, 5.36682, 56.66258, -0.00000, 0.00000
5.38000, 90.83206, -2.48700, 7.41275, 1.24320, 2.23341, 5.36631, 59.64372, -0.00000, 0.00000
5.40000, 90.79616, -3.10225, 7.43753, 1.23520, 2.24579, 5.36613, 61.12487, -0.00000, 0.00000
5.42000, 90.70797, -2.20475, 7.46215, 1.22720, 2.27588, 5.36570, 64.08717, -0.00000, 0.00000
5.44000, 90.70797, -3.23950, 7.48662, 1.21920, 2.28945, 5.36552, 65.56831, -0.00000, 0.00000
5.46000, 90.57839, -4.49825, 7.51092, 1.21120, 2.32288, 5.36514, 68.53061, -0.00000, 0.00000
5.48000, 90.52804, -3.55150, 7.53507, 1.20320, 2.33664, 5.36499, 70.01175, -0.00000, 0.00000
5.50000, 90.43633, -5.47425, 7.55905, 1.19520, 2.36812, 5.36470, 72.97405, -0.00000, 0.00000
5.52000, 90.30907, -5.01625, 7.58287, 1.18720, 2.40547, 5.36443, 74.45520, -0.00000, 0.00000
5.54000, 90.23568, -5.01625, 7.60654, 1.17920, 2.42099, 5.36434, 75.93634, -0.00000, 0.00000
5.56000, 90.10842, -5.13350, 7.63004, 1.17120, 2.44938, 5.36423, 78.89864, -0.00000, 0.00000
5.58000, 90.03034, -3.88450, 7.65339, 1.16320, 2.46872, 5.36419, 80.37978, -0.00000, 0.00000
5.60000, 89.95304, -3.83575, 7.67657, 1.15520, 2.49274, 5.36417, 81.86093, -0.00000, 0.00000
5.62000, 89.87691, -6.75400, 7.69959, 1.14720, 2.51673, 5.36420, 83.34208, -0.00000, 0.00000
5.64000, 89.68288, -7.10550, 7.72246, 1.13920, 2.52795, 5.36423, 84.82322, -0.00000, 0.00000
5.66000, 89.59269, -4.50950, 7.74516, 1.13120, 2.56184, 5.36442, 87.76676, -0.00000, 0.00000
5.68000, 89.50250, -7.31125, 7.76771, 1.12320, 2.57650, 5.36453, 89.22914, -0.00000, 0.00000
5.70000, 89.30024, -7.44800, 7.79009, 1.11520, 2.60933, 5.36488, 92.13523, -0.00000, 0.00000
5.72000, 89.20458, -4.66575, 7.81231, 1.10720, 2.62909, 5.36514, 93.57894, -0.00000, 0.00000
5.74000, 89.11361, -5.97325, 7.83438, 1.09920, 2.64224, 5.36533, 95.02265, -0.00000, 0.00000
5.76000, 88.96565, -5.09450, 7.85628, 1.09120, 2.67492, 5.36588, 97.92875, -0.00000, 0.00000
5.78000, 88.90983, -3.79575, 7.87803, 1.08320, 2.68710, 5.36609, 99.39113, -0.00000, 0.00000
5.80000, 88.81382, -3.36525, 7.89961, 1.07520, 2.71858, 5.36669, 102.33466, -0.00000, 0.00000
5.82000, 88.77522, -1.21675, 7.92103, 1.06720, 2.73472, 5.36702, 103.81581, -0.00000, 0.00000
5.84000, 88.76515, -0.25175, 7.94230, 1.05920, 2.76142, 5.36758, 106.74058, -0.00000, 0.00000
5.86000, 88.76515, 0.33300, 7.96340, 1.05120, 2.77768, 5.36792, 108.20296, -0.00000, 0.00000
5.88000, 88.77847, 1.00800, 7.98435, 1.04320, 2.79482, 5.36827, 109.68411, -0.00000, 0.00000
5.90000, 88.80547, 3.15750, 8.00513, 1.03520, 2.80872, 5.36855, 111.16525, -0.00000, 0.00000
5.92000, 88.90477, 3.94850, 8.02575, 1.02720, 2.83908, 5.36913, 112.64640, -0.00000, 0.00000
5.94000, 88.96341, 3.22500, 8.04622, 1.01920, 2.85969, 5.36949, 115.60869, -0.00000, 0.00000
5.96000, 89.03377, 6.72200, 8.06652, 1.01120, 2.87292, 5.36971, 115.60869, -0.00000, 0.00000
5.98000, 89.23229, 8.12825, 8.08667, 1.00320, 2.89947, 5.37010, 118.57099, -0.00000, 0.00000
6.00000, 89.35890, 7.07250, 8.10665, 0.99520, 2.92273, 5.37036, 120.05214, -0.00000, 0.00000
6.02000, 89.51519, 8.34200, 8.12647, 0.98720, 2.93433, 5.37049, 121.53328, -0.00000, 0.00000
6.04000, 89.69258, 12.20975, 8.14614, 0.97920, 2.95586, 5.37062, 123.01443, -0.00000, 0.00000
6.06000, 90.00358, 20.49200, 8.16564, 0.97120, 2.96745, 5.37064, 124.49558, -0.00000, 0.00000
6.08000, 90.51226, 19.38800, 8.18499, 0.96320, 2.99974, 5.37049, 127.45787, -0.00000, 0.00000
6.10000, 90.77910, 13.83025, 8.20417, 0.95520, 3.01304, 5.37036, 128.93902, -0.00000, 0.00000
6.12000, 91.06547, 14.41625, 8.22319, 0.94720, 3.03393, 5.37002, 128.93902, -0.00000, 0.00000
6.14000, 91.35575, 14.57250, 8.24206, 0.93920, 3.04737, 5.36976, 131.90131, -0.00000, 0.00000
6.16000, 91.64837, 14.38700, 8.26076, 0.93120, 3.06512, 5.36933, 133.38246, -0.00000, 0.00000
6.18000, 91.93123, 14.04525, 8.27931, 0.92320, 3.09658, 5.36832, 136.34475, -0.00000, 0.00000
6.20000, 92.21018, 14.35750, 8.29769, 0.91520, 3.10937, 5.36782, 137.82590, -0.00000, 0.00000
6.22000, 92.50553, 15.04100, 8.31591, 0.90720, 3.12894, 5.36698, 139.30705, -0.00000, 0.00000
6.24000, 92.81182, 15.52950, 8.33398, 0.89920, 3.14168, 5.36634, 139.30705, -0.00000, 0.00000
6.26000, 93.12671, 15.96900, 8.35188, 0.89120, 3.16199, 5.36526, 140.76943, -0.00000, 0.00000
6.28000, 93.45058, 29.24200, 8.36963, 0.88320, 3.17966, 5.36418, 143.67553, -0.00000, 0.00000
6.30000, 94.29639, 30.13075, 8.38721, 0.87520, 3.20463, 5.36241, 145.11924, -0.00000, 0.00000
6.32000, 94.65581, 18.39100, 8.40463, 0.86720, 3.22844, 5.36052, 146.54436, -0.00000, 0.00000
6.34000, 95.03203, 19.00625, 8.42190, 0.85920, 3.24227, 5.35933, 147.93259, -0.00000, 0.00000
6.36000, 95.41606, 19.70925, 8.43900, 0.85120, 3.25439, 5.35822, 149.32083, -0.00000, 0.00000
6.38000, 95.82040, 20.86150, 8.45595, 0.84320, 3.27533, 5.35613, 150.70906, -0.00000, 0.00000
6.40000, 96.25052, 22.10175, 8.47273, 0.83520, 3.28659, 5.35494, 152.06076, -0.00000, 0.00000
6.42000, 96.70447, 23.17600, 8.48935, 0.82720, 3.30268, 5.35311, 153.43068, -0.00000, 0.00000
6.44000, 97.17756, 24.52350, 8.50582, 0.81920, 3.31640, 5.35149, 154.80060, -0.00000, 0.00000
6.46000, 97.68541, 25.71500, 8.52212, 0.81120, 3.33672, 5.34886, 156.17052, -0.00000, 0.00000
6.48000, 98.20616, 13.01875, 8.53827, 0.80320, 3.34734, 5.34742, 157.54044, -0.00000, 0.00000
6.50000, 98.20616, 13.41900, 8.55425, 0.79520, 3.36044, 5.34552, 158.91036, -0.00000, 0.00000
6.52000, 98.74292, 27.44350, 8.57007, 0.78720, 3.37844, 5.34280, 160.28028, -0.00000, 0.00000
6.54000, 99.30390, 43.37250, 8.58574, 0.77920, 3.39549, 5.33999, 161.65020, -0.00000, 0.00000
6.56000, 100.47782, 51.33200, 8.60124, 0.77120, 3.42323, 5.33502, 164.39004, -0.00000, 0.00000
6.58000, 101.35718, 36.80925, 8.61659, 0.76320, 3.43481, 5.33279, 165.75996, -0.00000, 0.00000
6.60000, 101.95019, 29.66025, 8.63177, 0.75520, 3.44697, 5.33034, 167.12988, -0.00000, 0.00000
6.62000, 102.54359, 29.99250, 8.64679, 0.74720, 3.46487, 5.32647, 167.12988, -0.00000, 0.00000
6.64000, 103.14989, 31.39875, 8.66166, 0.73920, 3.47658, 5.32386, 168.49980, -0.00000, 0.00000
6.66000, 103.79954, 33.99625, 8.67636, 0.73120, 3.49660, 5.31909, 169.86972, -0.00000, 0.00000
6.68000, 104.50974, 36.87700, 8.69091, 0.72320, 3.50641, 5.31667, 171.23964, -0.00000, 0.00000
6.70000, 105.27462, 39.40650, 8.70529, 0.71520, 3.52355, 5.31214, 172.60956, -0.00000, 0.00000
6.72000, 106.08600, 63.75325, 8.71951, 0.70720, 3.53163, 5.30992, 173.97948, -0.00000, 0.00000
6.74000, 107.82475, 43.46875, 8.73358, 0.69920, 3.55806, 5.30211, 176.71932, -0.00000, 0.00000
6.76000, 107.82475, 45.74450, 8.74748, 0.69120, 3.57489, 5.29669, 178.08924, -0.00000, 0.00000
6.78000, 109.65453, 69.34900, 8.76123, 0.68320, 3.58448, 5.29343, 179.45916, -0.00000, 0.00000
6.80000, 110.59871, 23.60450, 8.77481, 0.67520, 3.59832, 5.28848, 180.82908, -0.00000, 0.00000
6.82000, 110.59871, 35.80250, 8.78823, 0.66720, 3.60820, 5.28475, 182.19901, -0.00000, 0.00000
6.84000, 112.03081, 85.03325, 8.80150, 0.65920, 3.62507, 5.27792, 183.56893, -0.00000, 0.00000
6.86000, 114.00004, 49.23075, 8.81460, 0.65120, 3.63331, 5.27441, 184.93885, -0.00000, 0.00000
6.88000, 114.00004, 25.48925, 8.82755, 0.64320, 3.64824, 5.26775, 186.29055, -0.00000, 0.00000
6.90000, 115.01961, 51.15450, 8.84033, 0.63520, 3.65662, 5.26383, 187.64225, -0.00000, 0.00000
6.92000, 116.04622, 76.94650, 8.85295, 0.62720, 3.67076, 5.25691, 188.99395, -0.00000, 0.00000
6.94000, 118.09747, 77.36650, 8.86542, 0.61920, 3.68691, 5.24847, 191.66109, -0.00000, 0.00000
6.96000, 119.14088, 52.14100, 8.87772, 0.61120, 3.69792, 5.24243, 192.99466, -0.00000, 0.00000
6.98000, 120.18311, 52.36525, 8.88987, 0.60320, 3.71034, 5.23520, 194.32824, -0.00000, 0.00000
7.00000, 121.23549, 80.78450, 8.90185, 0.59520, 3.71677, 5.23130, 195.66181, -0.00000, 0.00000
7.02000, 123.41449, 81.72200, 8.91367, 0.58720, 3.73243, 5.22121, 198.23914, -0.00000, 0.00000
7.04000, 124.50437, 96.14625, 8.92534, 0.57920, 3.73904, 5.21678, 199.48346, -0.00000, 0.00000
7.06000, 127.26034, 96.30275, 8.93684, 0.57120, 3.75465, 5.20557, 201.86722, -0.00000, 0.00000
7.08000, 128.35648, 55.30500, 8.94819, 0.56320, 3.76199, 5.19991, 202.84185, -0.00000, 0.00000
7.10000, 129.47254, 56.34975, 8.95937, 0.55520, 3.77388, 5.19026, 204.38147, -0.00000, 0.00000
7.12000, 130.61047, 87.12225, 8.97039, 0.54720, 3.78051, 5.18456, 205.04111, -0.00000, 0.00000
7.14000, 132.95743, 88.67525, 8.98126, 0.53920, 3.79279, 5.17343, 206.31922, -0.00000, 0.00000
7.16000, 134.15748, 60.24650, 8.99196, 0.53120, 3.79984, 5.16656, 206.89754, -0.00000, 0.00000
7.18000, 135.36729, 90.15950, 9.00251, 0.52320, 3.80436, 5.16198, 207.43671, -0.00000, 0.00000
7.20000, 137.76386, 89.83700, 9.01289, 0.51520, 3.81549, 5.15003, 207.90072, -0.00000, 0.00000
7.22000, 138.96077, 88.77275, 9.02311, 0.50720, 3.81947, 5.14545, 208.36474, -0.00000, 0.00000
7.24000, 141.31477, 102.15225, 9.03318, 0.49920, 3.82906, 5.13387, 208.93513, -0.00000, 0.00000
7.26000, 143.04686, 99.97450, 9.04308, 0.49120, 3.83227, 5.12974, 208.93513, -0.00000, 0.00000
7.28000, 145.31375, 84.47600, 9.05283, 0.48320, 3.84051, 5.11841, 208.93513, -0.00000, 0.00000
7.30000, 146.42590, 55.25600, 9.06241, 0.47520, 3.84341, 5.11421, 208.93513, -0.00000, 0.00000
7.32000, 147.52399, 54.38700, 9.07183, 0.46720, 3.85110, 5.10241, 208.93513, -0.00000, 0.00000
7.34000, 148.60138, 52.64875, 9.08110, 0.45920, 3.85373, 5.09809, 208.93513, -0.00000, 0.00000
7.36000, 149.62994, 50.64650, 9.09020, 0.45120, 3.85821, 5.09057, 208.93513, -0.00000, 0.00000
7.38000, 150.62724, 49.10350, 9.09915, 0.44320, 3.86078, 5.08609, 208.93513, -0.00000, 0.00000
7.40000, 151.59408, 69.46625, 9.10793, 0.43520, 3.86581, 5.07692, 208.93513, -0.00000, 0.00000
7.42000, 153.40589, 66.77100, 9.11655, 0.42720, 3.87140, 5.06609, 208.93513, -0.00000, 0.00000
7.44000, 154.26492, 42.12125, 9.12502, 0.41920, 3.87547, 5.05776, 208.93513, -0.00000, 0.00000
7.46000, 155.09074, 40.55875, 9.13332, 0.41120, 3.87798, 5.05247, 208.93513, -0.00000, 0.00000
7.48000, 155.88727, 48.34250, 9.14147, 0.40320, 3.88187, 5.04390, 208.93513, -0.00000, 0.00000
7.50000, 157.02444, 46.60425, 9.14945, 0.39520, 3.88407, 5.03884, 208.93513, -0.00000, 0.00000
7.52000, 157.75144, 34.80700, 9.15727, 0.38720, 3.88773, 5.03010, 208.93513, -0.00000, 0.00000
7.54000, 158.41672, 31.54525, 9.16494, 0.37920, 3.89099, 5.02202, 208.93513, -0.00000, 0.00000
7.56000, 159.01325, 28.17600, 9.17244, 0.37120, 3.89329, 5.01613, 208.93513, -0.00000, 0.00000
7.58000, 159.54376, 25.06075, 9.17979, 0.36320, 3.89677, 5.00697, 208.93513, -0.00000, 0.00000
7.60000, 160.01568, 22.37525, 9.18697, 0.35520, 3.89877, 5.00154, 208.93513, -0.00000, 0.00000
7.62000, 160.43877, 20.22675, 9.19399, 0.34720, 3.90197, 4.99267, 208.93513, -0.00000, 0.00000
7.64000, 160.82475, 18.34200, 9.20086, 0.33920, 3.90367, 4.98782, 208.93513, -0.00000, 0.00000
7.66000, 161.17245, 16.41800, 9.20756, 0.33120, 3.90672, 4.97897, 208.93513, -0.00000, 0.00000
7.68000, 161.48147, 14.43575, 9.21411, 0.32320, 3.90842, 4.97393, 208.93513, -0.00000, 0.00000
7.70000, 161.74988, 12.21900, 9.22049, 0.31520, 3.91097, 4.96627, 208.93513, -0.00000, 0.00000
7.72000, 161.97023, 9.85550, 9.22671, 0.30720, 3.91272, 4.96096, 208.93513, -0.00000, 0.00000
7.74000, 162.14410, 7.96125, 9.23278, 0.29920, 3.91505, 4.95374, 208.93513, -0.00000, 0.00000
7.76000, 162.28868, 8.62575, 9.23868, 0.29120, 3.91661, 4.94889, 208.93513, -0.00000, 0.00000
7.78000, 162.48913, 5.01125, 9.24443, 0.28320, 3.91893, 4.94160, 208.93513, -0.00000, 0.00000
7.80000, 162.48913, 3.87825, 9.25001, 0.27520, 3.92030, 4.93725, 208.93513, -0.00000, 0.00000
7.82000, 162.64426, 8.03925, 9.25543, 0.26720, 3.92249, 4.93025, 208.93513, -0.00000, 0.00000
7.84000, 162.81070, 8.23450, 9.26070, 0.25920, 3.92378, 4.92609, 208.93513, -0.00000, 0.00000
7.86000, 162.97364, 11.45850, 9.26580, 0.25120, 3.92548, 4.92055, 208.93513, -0.00000, 0.00000
7.88000, 163.26904, 7.38500, 9.27075, 0.24320, 3.92863, 4.91014, 208.93513, -0.00000, 0.00000
7.90000, 163.26904, 3.48725, 9.27553, 0.23520, 3.92863, 4.91014, 208.93513, -0.00000, 0.00000
7.92000, 163.40853, 7.10175, 9.28015, 0.22720, 3.93152, 4.90045, 208.93513, -0.00000, 0.00000
7.94000, 163.55311, 7.51200, 9.28462, 0.21920, 3.93260, 4.89679, 208.93513, -0.00000, 0.00000
7.96000, 163.70901, 7.81450, 9.28892, 0.21120, 3.93452, 4.89022, 208.93513, -0.00000, 0.00000
7.98000, 163.86569, 7.75600, 9.29307, 0.20320, 3.93557, 4.88657, 208.93513, -0.00000, 0.00000
8.00000, 164.01925, 7.41450, 9.29705, 0.19520, 3.93658, 4.88304, 208.93513, -0.00000, 0.00000
8.02000, 164.16227, 6.99450, 9.30087, 0.18720, 3.93812, 4.87764, 208.93513, -0.00000, 0.00000
8.04000, 164.29903, 6.72075, 9.30454, 0.17920, 3.93896, 4.87465, 208.93513, -0.00000, 0.00000
8.06000, 164.43110, 7.92250, 9.30804, 0.17120, 3.94034, 4.86971, 208.93513, -0.00000, 0.00000
8.08000, 164.61593, 7.87375, 9.31139, 0.16320, 3.94121, 4.86658, 208.93513, -0.00000, 0.00000
8.10000, 164.74605, 6.71125, 9.31457, 0.15520, 3.94204, 4.86354, 208.93513, -0.00000, 0.00000
8.12000, 164.88438, 7.04325, 9.31759, 0.14720, 3.94283, 4.86063, 208.93513, -0.00000, 0.00000
8.14000, 165.02778, 7.37525, 9.32046, 0.13920, 3.94386, 4.85683, 208.93513, -0.00000, 0.00000
8.16000, 165.17939, 11.71225, 9.32316, 0.13120, 3.94498, 4.85260, 208.93513, -0.00000, 0.00000
8.18000, 165.49627, 7.92200, 9.32571, 0.12320, 3.94648, 4.84686, 208.93513, -0.00000, 0.00000
8.20000, 165.49627, 8.36150, 9.32809, 0.11520, 3.94648, 4.84686, 208.93513, -0.00000, 0.00000
8.22000, 165.83073, 8.36150, 9.33031, 0.10720, 3.94792, 4.84124, 208.93513, -0.00000, 0.00000
8.24000, 165.83073, -0.00000, 9.33238, 0.09920, 3.94792, 4.84124, 208.93513, -0.00000, 0.00000
8.26000, 165.83073, 4.10275, 9.33428, 0.09120, 3.94841, 4.83932, 208.93513, -0.00000, 0.00000
8.28000, 165.99484, 7.98075, 9.33603, 0.08320, 3.94910, 4.83653, 208.93513, -0.00000, 0.00000
8.30000, 166.14996, 7.68775, 9.33761, 0.07520, 3.94958, 4.83459, 208.93513, -0.00000, 0.00000
8.32000, 166.30235, 7.59000, 9.33903, 0.06720, 3.94995, 4.83306, 208.93513, -0.00000, 0.00000
8.34000, 166.45356, 7.38500, 9.34030, 0.05920, 3.95066, 4.83012, 208.93513, -0.00000, 0.00000
8.36000, 166.59775, 8.30350, 9.34140, 0.05120, 3.95099, 4.82871, 208.93513, -0.00000, 0.00000
8.38000, 166.78570, 7.42450, 9.34235, 0.04320, 3.95151, 4.82653, 208.93513, -0.00000, 0.00000
8.40000, 166.89473, 5.01200, 9.34313, 0.03520, 3.95181, 4.82521, 208.93513, -0.00000, 0.00000
8.42000, 166.98618, 5.40350, 9.34375, 0.02720, 3.95207, 4.82410, 208.93513, -0.00000, 0.00000
8.44000, 167.11087, 4.88542, 9.34422, 0.01920, 3.95269, 4.82140, 208.93513, -0.00000, 0.00000
8.44400, 167.10343, -0.42958, 9.34429, 0.00000, 3.95324, 4.81896, 208.93513, 0.54908, -0.52600
8.46400, 167.10056, -0.39275, 9.34421, -0.00800, 3.95324, 4.81896, 208.93513, 1.00000, -1.00000
8.48400, 167.08772, -3.31423, 9.34398, -0.01096, 3.95324, 4.81896, 208.93513, 1.00000, -1.00000
8.49000, 167.01439, -2.82038, 9.34393, 0.00000, 3.95324, 4.81898, 208.93513, 1.00000, -1.00000
8.51000, 167.01439, -0.00000, 9.34385, -0.00800, 3.95324, 4.81898, 208.93513, 1.00000, -1.00000
8.53000, 167.01439, -0.00000, 9.34361, -0.01600, 3.95324, 4.81898, 208.93513, 1.00000, -1.00000
8.55000, 167.01439, -0.41900, 9.34321, -0.02400, 3.95324, 4.81898, 208.93513, 1.00000, -1.00000
8.57000, 166.99763, -0.73025, 9.34265, -0.03200, 3.95323, 4.81903, 208.93513, 1.00000, -1.00000
8.59000, 166.98518, -0.54475, 9.34193, -0.04000, 3.95319, 4.81919, 208.93513, 1.00000, -1.00000
8.61000, 166.97584, -0.11400, 9.34105, -0.04800, 3.95315, 4.81935, 208.93513, 1.00000, -1.00000
8.63000, 166.98062, 1.43900, 9.34003, -0.04844, 3.95293, 4.82030, 208.93513, 1.00000, -1.00000
8.65000, 167.03340, 3.02950, 9.33924, -0.03124, 3.95284, 4.82071, 208.93513, 1.00000, -1.00000
8.67000, 167.10180, 0.54743, 9.33878, -0.01404, 3.95271, 4.82126, 208.93513, 1.00000, -1.00000
8.68500, 167.05256, -1.40686, 9.33867, 0.00000, 3.95202, 4.82429, 208.93513, -0.00000, 0.00000
8.70500, 167.05256, -0.00000, 9.33884, 0.01720, 3.95202, 4.82429, 208.93513, -0.00000, 0.00000
8.72500, 167.05256, -0.00000, 9.33935, 0.03062, 3.95202, 4.82429, 208.93513, -0.00000, 0.00000
8.74500, 167.05256, 1.13375, 9.33989, 0.02262, 3.95202, 4.82429, 208.93513, -0.00000, 0.00000
8.76500, 167.09791, 2.42314, 9.34026, 0.01462, 3.95205, 4.82416, 208.93513, -0.00000, 0.00000
8.78000, 167.13737, 1.12743, 9.34043, 0.00000, 3.95263, 4.82162, 208.93513, -0.00000, 0.00000
8.80000, 167.13737, -0.00000, 9.34035, -0.00800, 3.95263, 4.82162, 208.93513, -0.00000, 0.00000
8.82000, 167.13737, -0.26275, 9.34011, -0.01600, 3.95263, 4.82162, 208.93513, -0.00000, 0.00000
8.84000, 167.12686, -0.26275, 9.33971, -0.02400, 3.95261, 4.82169, 208.93513, -0.00000, 0.00000
8.86000, 167.12686, -0.47750, 9.33915, -0.03200, 3.95261, 4.82169, 208.93513, -0.00000, 0.00000
8.88000, 167.10776, -1.38400, 9.33843, -0.04000, 3.95254, 4.82199, 208.93513, -0.00000, 0.00000
8.90000, 167.07150, -1.34475, 9.33755, -0.04800, 3.95248, 4.82225, 208.93513, -0.00000, 0.00000
8.92000, 167.05397, -0.63250, 9.33651, -0.05600, 3.95239, 4.82268, 208.93513, -0.00000, 0.00000
8.94000, 167.04620, 0.27650, 9.33531, -0.06400, 3.95218, 4.82358, 208.93513, -0.00000, 0.00000
8.96000, 167.06503, 1.84125, 9.33395, -0.07200, 3.95185, 4.82502, 208.93513, -0.00000, 0.00000
8.98000, 167.11985, 1.85125, 9.33243, -0.08000, 3.95133, 4.82731, 208.93513, -0.00000, 0.00000
9.00000, 167.13908, 0.48075, 9.33075, -0.08800, 3.95100, 4.82876, 208.93513, -0.00000, 0.00000
9.02000, 167.13908, 0.21700, 9.32891, -0.09600, 3.95083, 4.82951, 208.93513, -0.00000, 0.00000
9.04000, 167.14776, 1.31450, 9.32691, -0.10400, 3.95053, 4.83083, 208.93513, -0.00000, 0.00000
9.06000, 167.19166, 1.70500, 9.32475, -0.11200, 3.94990, 4.83359, 208.93513, -0.00000, 0.00000
9.08000, 167.21596, 0.00550, 9.32243, -0.12000, 3.94947, 4.83550, 208.93513, -0.00000, 0.00000
9.10000, 167.19188, 0.95500, 9.31995, -0.12800, 3.94892, 4.83793, 208.93513, -0.00000, 0.00000
9.12000, 167.25416, 1.90100, 9.31731, -0.13600, 3.94801, 4.84193, 208.93513, -0.00000, 0.00000
9.14000, 167.26792, -0.73725, 9.31451, -0.14400, 3.94771, 4.84329, 208.93513, -0.00000, 0.00000
9.16000, 167.22467, 1.05175, 9.31155, -0.15200, 3.94734, 4.84492, 208.93513, -0.00000, 0.00000
9.18000, 167.30999, 2.68100, 9.30843, -0.16000, 3.94648, 4.84872, 208.93513, -0.00000, 0.00000
9.20000, 167.33191, 0.65650, 9.30515, -0.16800, 3.94629, 4.84958, 208.93513, -0.00000, 0.00000
9.22000, 167.33625, -1.61675, 9.30171, -0.17600, 3.94583, 4.85161, 208.93513, -0.00000, 0.00000
9.24000, 167.26724, -2.23200, 9.29811, -0.18400, 3.94480, 4.85623, 208.93513, -0.00000, 0.00000
9.26000, 167.24697, -0.28000, 9.29435, -0.19200, 3.94444, 4.85780, 208.93513, -0.00000, 0.00000
9.28000, 167.25604, 0.84475, 9.29043, -0.20000, 3.94376, 4.86082, 208.93513, -0.00000, 0.00000
9.30000, 167.28076, 0.39550, 9.28635, -0.20800, 3.94277, 4.86521, 208.93513, -0.00000, 0.00000
9.32000, 167.27186, -0.28000, 9.28211, -0.21600, 3.94171, 4.86994, 208.93513, -0.00000, 0.00000
9.34000, 167.26956, 0.48175, 9.27771, -0.22400, 3.94136, 4.87146, 208.93513, -0.00000, 0.00000
9.36000, 167.29113, 1.19575, 9.27315, -0.23200, 3.94037, 4.87588, 208.93513, -0.00000, 0.00000
9.38000, 167.31739, 0.76625, 9.26843, -0.24000, 3.93932, 4.88056, 208.93513, -0.00000, 0.00000
9.40000, 167.32178, 0.39500, 9.26355, -0.24800, 3.93821, 4.88549, 208.93513, -0.00000, 0.00000
9.42000, 167.33319, 0.81525, 9.25851, -0.25600, 3.93718, 4.89009, 208.93513, -0.00000, 0.00000
9.44000, 167.35439, 0.55175, 9.25331, -0.26400, 3.93615, 4.89468, 208.93513, -0.00000, 0.00000
9.46000, 167.35526, -0.10400, 9.24795, -0.27200, 3.93487, 4.90042, 208.93513, -0.00000, 0.00000
9.48000, 167.35023, -0.68025, 9.24243, -0.28000, 3.93375, 4.90541, 208.93513, -0.00000, 0.00000
9.50000, 167.32805, -0.71850, 9.23675, -0.28800, 3.93257, 4.91072, 208.93513, -0.00000, 0.00000
9.52000, 167.32149, -0.04575, 9.23091, -0.29600, 3.93116, 4.91697, 208.93513, -0.00000, 0.00000
9.54000, 167.32622, 0.32550, 9.22491, -0.30400, 3.93064, 4.91929, 208.93513, -0.00000, 0.00000
9.56000, 167.33451, 0.75625, 9.21875, -0.31200, 3.92918, 4.92581, 208.93513, -0.00000, 0.00000
9.58000, 167.35647, 1.09875, 9.21243, -0.32000, 3.92799, 4.93112, 208.93513, -0.00000, 0.00000
9.60000, 167.37846, 0.61050, 9.20595, -0.32800, 3.92657, 4.93751, 208.93513, -0.00000, 0.00000
9.62000, 167.38089, -0.30825, 9.19931, -0.33600, 3.92497, 4.94465, 208.93513, -0.00000, 0.00000
9.64000, 167.36613, -0.39625, 9.19251, -0.34400, 3.92354, 4.95108, 208.93513, -0.00000, 0.00000
9.66000, 167.36504, 0.39500, 9.18555, -0.35200, 3.92217, 4.95721, 208.93513, -0.00000, 0.00000
9.68000, 167.38193, 0.79650, 9.17843, -0.36000, 3.92072, 4.96370, 208.93513, -0.00000, 0.00000
9.70000, 167.39690, 0.29725, 9.17115, -0.36800, 3.91859, 4.97323, 208.93513, -0.00000, 0.00000
9.72000, 167.39382, -0.13175, 9.16371, -0.37600, 3.91800, 4.97588, 208.93513, -0.00000, 0.00000
9.74000, 167.39163, -0.37500, 9.15611, -0.38400, 3.91549, 4.98716, 208.93513, -0.00000, 0.00000
9.76000, 167.37882, -0.61100, 9.14835, -0.39200, 3.91397, 4.99397, 208.93513, -0.00000, 0.00000
9.78000, 167.36719, -0.08250, 9.14043, -0.40000, 3.91249, 5.00059, 208.93513, -0.00000, 0.00000
9.80000, 167.37552, 0.59150, 9.13235, -0.40800, 3.91032, 5.01032, 208.93513, -0.00000, 0.00000
9.82000, 167.39085, 1.29400, 9.12411, -0.41600, 3.90883, 5.01700, 208.93513, -0.00000, 0.00000
9.84000, 167.42728, 1.96875, 9.11571, -0.42400, 3.90755, 5.02276, 208.93513, -0.00000, 0.00000
9.86000, 167.46960, 1.13925, 9.10715, -0.43200, 3.90530, 5.03289, 208.93513, -0.00000, 0.00000
9.88000, 167.47285, 1.36400, 9.09843, -0.44000, 3.90317, 5.04248, 208.93513, -0.00000, 0.00000
9.90000, 167.52416, 2.15500, 9.08955, -0.44800, 3.90119, 5.05145, 208.93513, -0.00000, 0.00000
9.92000, 167.55905, -0.50100, 9.08051, -0.45600, 3.89906, 5.06111, 208.93513, -0.00000, 0.00000
9.94000, 167.50412, -1.37000, 9.07154, -0.44006, 3.89730, 5.06912, 208.93513, -0.00000, 0.00000
9.96000, 167.50425, 0.01525, 9.06291, -0.42286, 3.89522, 5.07851, 208.93513, -0.00000, 0.00000
9.98000, 167.50473, -0.59025, 9.05463, -0.40566, 3.89350, 5.08633, 208.93513, -0.00000, 0.00000
10.00000, 167.48064, -0.28750, 9.04668, -0.38846, 3.89184, 5.09380, 208.93513, -0.00000, 0.00000
10.02000, 167.49323, 1.34400, 9.03909, -0.37126, 3.89048, 5.09998, 0.10000, -0.00000, 0.00000
10.04000, 167.53440, 0.70900, 9.03183, -0.35406, 3.88870, 5.10803, 0.10000, -0.00000, 0.00000
10.06000, 167.52159, -0.83575, 9.02492, -0.33686, 3.88724, 5.11464, 0.10000, -0.00000, 0.00000
10.08000, 167.50097, -1.43000, 9.01836, -0.31966, 3.88589, 5.12076, 0.10000, -0.00000, 0.00000
10.10000, 167.46439, -0.95250, 9.01214, -0.30246, 3.88406, 5.12906, 0.10000, -0.00000, 0.00000
10.12000, 167.46287, 0.20925, 9.00626, -0.28526, 3.88286, 5.13448, 0.10000, -0.00000, 0.00000
10.14000, 167.47276, 2.29200, 9.00073, -0.26806, 3.88119, 5.14199, 0.10000, -0.00000, 0.00000
10.16000, 167.55455, 2.07625, 8.99554, -0.25086, 3.87989, 5.14787, 0.10000, -0.00000, 0.00000
10.18000, 167.55581, -0.96300, 8.99069, -0.23366, 3.87900, 5.15195, 0.10000, -0.00000, 0.00000
10.20000, 167.51603, -2.08600, 8.98619, -0.21646, 3.87807, 5.15616, 0.10000, -0.00000, 0.00000
10.22000, 167.47237, -0.90375, 8.98203, -0.19926, 3.87717, 5.16024, 0.10000, -0.00000, 0.00000
10.24000, 167.47988, 3.88450, 8.97822, -0.18206, 3.87593, 5.16582, 0.10000, -0.00000, 0.00000
10.26000, 167.62775, 1.59225, 8.97475, -0.16486, 3.87419, 5.17372, 0.10000, -0.00000, 0.00000
10.28000, 167.54357, -2.85325, 8.97163, -0.14766, 3.87340, 5.17736, 0.10000, -0.00000, 0.00000
10.30000, 167.51362, 0.08475, 8.96885, -0.13046, 3.87308, 5.17880, 0.10000, -0.00000, 0.00000
10.32000, 167.54696, 1.13825, 8.96641, -0.11326, 3.87258, 5.18105, 0.10000, -0.00000, 0.00000
10.34000, 167.55915, -1.04075, 8.96432, -0.09606, 3.87217, 5.18293, 0.10000, -0.00000, 0.00000
10.36000, 167.50533, -1.88100, 8.96257, -0.07886, 3.87181, 5.18456, 0.10000, -0.00000, 0.00000
10.38000, 167.48391, -0.74925, 8.96116, -0.06166, 3.87157, 5.18564, 0.10000, -0.00000, 0.00000
10.40000, 167.47536, -0.76818, 8.96010, -0.04446, 3.87137, 5.18656, 0.10000, -0.00000, 0.00000
10.41300, 167.45856, -0.50909, 8.95959, 0.00000, 3.87022, 5.19173, 0.10000, -0.00000, 0.00000
10.43300, 167.45856, 1.14568, 8.95951, -0.00800, 3.87022, 5.19173, 0.10000, -0.00000, 0.00000
10.45000, 167.50095, 1.14568, 8.95936, 0.00000, 3.87022, 5.19174, 0.10000, -0.00000, 0.00000
10.47000, 167.50095, -0.00000, 8.95928, -0.00800, 3.87022, 5.19174, 0.10000, -0.00000, 0.00000
10.49000, 167.50095, 0.12879, 8.95904, -0.01600, 3.87022, 5.19174, 0.10000, -0.00000, 0.00000
10.50300, 167.50520, 0.12879, 8.95889, 0.00000, 3.87005, 5.19252, 0.10000, -0.00000, 0.00000
10.52300, 167.50520, -0.00000, 8.95906, 0.01720, 3.87005, 5.19252, 0.10000, -0.00000, 0.00000
10.54300, 167.50520, -0.00000, 8.95958, 0.03440, 3.87005, 5.19252, 0.10000, -0.00000, 0.00000
10.56300, 167.50520, 0.52950, 8.96044, 0.05160, 3.87005, 5.19252, 0.10000, -0.00000, 0.00000
10.58300, 167.52638, 0.33525, 8.96144, 0.04612, 3.87015, 5.19207, 0.10000, -0.00000, 0.00000
10.60300, 167.51861, -0.52525, 8.96228, 0.03812, 3.87022, 5.19173, 0.10000, -0.00000, 0.00000
10.62300, 167.50537, -0.66200, 8.96296, 0.03012, 3.87032, 5.19129, 0.10000, -0.00000, 0.00000
10.64300, 167.49213, -0.33100, 8.96349, 0.02212, 3.87047, 5.19061, 0.10000, -0.00000, 0.00000
10.66300, 167.49213, -0.65821, 8.96385, 0.01412, 3.87059, 5.19005, 0.10000, -0.00000, 0.00000
10.68200, 167.46646, -0.65821, 8.96404, 0.00000, 3.87132, 5.18677, 0.10000, -0.00000, 0.00000
10.70200, 167.46646, -0.08725, 8.96421, 0.01342, 3.87132, 5.18677, 0.10000, -0.00000, 0.00000
10.72200, 167.46297, -0.08725, 8.96440, 0.00000, 3.87135, 5.18663, 0.10000, -0.00000, 0.00000
10.74200, 167.46297, -0.00000, 8.96432, -0.00800, 3.87135, 5.18663, 0.10000, -0.00000, 0.00000
