0.00000, 0.00277, 0.17750, 0.00000, 0.00000, -0.00000, 0.00005, 31.53402, -0.00000, 0.00000
0.02000, 0.00632, 0.52775, 0.00017, 0.01720, -0.00000, 0.00010, 31.53402, -0.00000, 0.00000
0.04000, 0.02388, 1.02325, 0.00069, 0.03440, -0.00001, 0.00049, 31.53402, -0.00000, 0.00000
0.06000, 0.04725, 0.34425, 0.00155, 0.05160, -0.00001, 0.00092, 31.53402, -0.00000, 0.00000
0.08000, 0.03765, -0.58750, 0.00275, 0.06880, -0.00002, 0.00151, 31.53402, -0.00000, 0.00000
0.10000, 0.02375, 1.57100, 0.00430, 0.08600, -0.00003, 0.00263, 31.53402, -0.00000, 0.00000
0.12000, 0.10049, -0.96550, 0.00619, 0.10320, -0.00004, 0.00419, 31.53402, -0.00000, 0.00000
0.14000, -0.01487, -0.49150, 0.00843, 0.12040, -0.00007, 0.00690, 31.53402, -0.00000, 0.00000
0.16000, 0.08083, 1.50775, 0.01101, 0.13760, -0.00009, 0.00910, 31.53402, -0.00000, 0.00000
0.18000, 0.04544, 0.32100, 0.01393, 0.15480, -0.00011, 0.01077, 31.53402, -0.00000, 0.00000
0.20000, 0.09367, 1.31575, 0.01720, 0.17200, -0.00014, 0.01354, 31.53402, -0.00000, 0.00000
0.22000, 0.09807, -0.17075, 0.02081, 0.18920, -0.00016, 0.01627, 31.53402, -0.00000, 0.00000
0.24000, 0.08684, 0.44550, 0.02477, 0.20640, -0.00019, 0.01856, 31.53402, -0.00000, 0.00000
0.26000, 0.11589, 1.09025, 0.02907, 0.22360, -0.00022, 0.02277, 31.53402, -0.00000, 0.00000
0.28000, 0.13045, 0.63975, 0.03371, 0.24080, -0.00025, 0.02592, 31.53402, -0.00000, 0.00000
0.30000, 0.14148, 0.61125, 0.03870, 0.25800, -0.00029, 0.02969, 31.53402, -0.00000, 0.00000
0.32000, 0.15490, 0.64025, 0.04403, 0.27520, -0.00034, 0.03635, 31.53402, -0.00000, 0.00000
0.34000, 0.16709, 0.57100, 0.04971, 0.29240, -0.00037, 0.03902, 31.53402, -0.00000, 0.00000
0.36000, 0.17774, 0.37525, 0.05573, 0.30960, -0.00041, 0.04454, 31.53402, -0.00000, 0.00000
0.38000, 0.18210, 0.18950, 0.06209, 0.32680, -0.00044, 0.04868, 31.53402, -0.00000, 0.00000
0.40000, 0.18532, 0.46300, 0.06880, 0.34400, -0.00050, 0.05566, 31.53402, -0.00000, 0.00000
0.42000, 0.20062, 0.86275, 0.07585, 0.36120, -0.00054, 0.06111, 31.53402, -0.00000, 0.00000
0.44000, 0.21983, 0.58975, 0.08325, 0.37840, -0.00059, 0.06710, 31.53402, -0.00000, 0.00000
0.46000, 0.22421, 0.05250, 0.09099, 0.39560, -0.00063, 0.07348, 31.53402, -0.00000, 0.00000
0.48000, 0.22193, 0.67725, 0.09907, 0.41280, -0.00067, 0.07882, 31.53402, -0.00000, 0.00000
0.50000, 0.25130, 1.25325, 0.10750, 0.43000, -0.00073, 0.08710, 31.53402, -0.00000, 0.00000
0.52000, 0.27206, 0.85200, 0.11627, 0.44720, -0.00078, 0.09423, 31.53402, -0.00000, 0.00000
0.54000, 0.28538, 0.93025, 0.12539, 0.46440, -0.00083, 0.10267, 31.53402, -0.00000, 0.00000
0.56000, 0.30927, 1.47875, 0.13485, 0.48160, -0.00089, 0.11178, 31.53402, -0.00000, 0.00000
0.58000, 0.34453, 1.34175, 0.14465, 0.49880, -0.00094, 0.12114, 31.53402, -0.00000, 0.00000
0.60000, 0.36294, 0.87200, 0.15480, 0.51600, -0.00097, 0.12697, 31.53402, -0.00000, 0.00000
0.62000, 0.37941, 0.63800, 0.16529, 0.53320, -0.00102, 0.13850, 31.53402, -0.00000, 0.00000
0.64000, 0.38846, 0.65750, 0.17613, 0.55040, -0.00107, 0.14895, 31.53402, -0.00000, 0.00000
0.66000, 0.40571, 0.66650, 0.18731, 0.56760, -0.00112, 0.15999, 31.53402, -0.00000, 0.00000
0.68000, 0.41512, 0.60800, 0.19883, 0.58480, -0.00114, 0.16637, 31.53402, -0.00000, 0.00000
0.70000, 0.43003, 0.39400, 0.21070, 0.60200, -0.00119, 0.17852, 31.53402, -0.00000, 0.00000
0.72000, 0.43088, 0.02125, 0.22291, 0.61920, -0.00124, 0.19214, 31.53402, -0.00000, 0.00000
0.74000, 0.43088, -0.26200, 0.23547, 0.63640, -0.00127, 0.20027, 31.53402, -0.00000, 0.00000
0.76000, 0.42040, -0.27950, 0.24837, 0.65360, -0.00131, 0.21186, 31.53402, -0.00000, 0.00000
0.78000, 0.41970, 0.12000, 0.26161, 0.67080, -0.00137, 0.22661, 31.53402, -0.00000, 0.00000
0.80000, 0.42520, 0.71550, 0.27520, 0.68800, -0.00141, 0.23636, 31.53402, -0.00000, 0.00000
0.82000, 0.44832, 0.52100, 0.28913, 0.70520, -0.00146, 0.25053, 31.53402, -0.00000, 0.00000
0.84000, 0.44604, -0.11475, 0.30341, 0.72240, -0.00151, 0.26641, 31.53402, -0.00000, 0.00000
0.86000, 0.44373, -0.61275, 0.31803, 0.73960, -0.00154, 0.27540, 31.53402, -0.00000, 0.00000
0.88000, 0.42153, -1.35425, 0.33299, 0.75680, -0.00160, 0.29214, 31.53402, -0.00000, 0.00000
0.90000, 0.38956, -2.04750, 0.34830, 0.77400, -0.00167, 0.30917, 31.53402, -0.00000, 0.00000
0.92000, 0.33963, -1.85250, 0.36395, 0.79120, -0.00175, 0.32549, 31.53402, -0.00000, 0.00000
0.94000, 0.31546, -1.39350, 0.37995, 0.80840, -0.00179, 0.33284, 31.53402, -0.00000, 0.00000
0.96000, 0.28389, -1.54950, 0.39629, 0.82560, -0.00191, 0.35251, 31.53402, -0.00000, 0.00000
0.98000, 0.25348, -1.33475, 0.41297, 0.84280, -0.00202, 0.36936, 31.53402, -0.00000, 0.00000
1.00000, 0.23050, -1.44200, 0.43000, 0.86000, -0.00216, 0.38946, 31.53402, -0.00000, 0.00000
1.02000, 0.19580, -1.13925, 0.44737, 0.87720, -0.00227, 0.40384, 31.53402, -0.00000, 0.00000
1.04000, 0.18493, -0.98300, 0.46509, 0.89440, -0.00241, 0.42145, 31.53402, -0.00000, 0.00000
1.06000, 0.15648, -1.39275, 0.48315, 0.91160, -0.00256, 0.44004, 31.53402, -0.00000, 0.00000
1.08000, 0.12922, 0.40425, 0.50155, 0.92880, -0.00275, 0.46136, 31.53402, -0.00000, 0.00000
1.10000, 0.17265, 3.14775, 0.52030, 0.94600, -0.00287, 0.47590, 31.53402, -0.00000, 0.00000
1.12000, 0.25513, 3.99725, 0.53939, 0.96320, -0.00303, 0.49722, 31.53402, -0.00000, 0.00000
1.14000, 0.33254, 5.06275, 0.55883, 0.98040, -0.00314, 0.51514, 31.53402, -0.00000, 0.00000
1.16000, 0.45764, 5.45350, 0.57861, 0.99760, -0.00324, 0.53754, 31.53402, -0.00000, 0.00000
1.18000, 0.55068, 5.30650, 0.59873, 1.01480, -0.00329, 0.55665, 31.53402, -0.00000, 0.00000
1.20000, 0.66990, 5.71650, 0.61920, 1.03200, -0.00331, 0.57411, 31.53402, -0.00000, 0.00000
1.22000, 0.77934, 5.49175, 0.64001, 1.04920, -0.00327, 0.59790, 31.53402, -0.00000, 0.00000
1.24000, 0.88957, 4.80800, 0.66117, 1.06640, -0.00321, 0.61537, 31.53402, -0.00000, 0.00000
1.26000, 0.97166, 1.97575, 0.68267, 1.08360, -0.00312, 0.63274, 31.53402, -0.00000, 0.00000
1.28000, 0.96860, -0.27000, 0.70451, 1.10080, -0.00299, 0.65515, 31.53402, -0.00000, 0.00000
1.30000, 0.96086, 0.19875, 0.72670, 1.11800, -0.00288, 0.67515, 31.53402, -0.00000, 0.00000
1.32000, 0.97655, 2.65025, 0.74923, 1.13520, -0.00275, 0.69684, 31.53402, -0.00000, 0.00000
1.34000, 1.06687, 3.35250, 0.77211, 1.15240, -0.00259, 0.72207, 31.53402, -0.00000, 0.00000
1.36000, 1.11065, 3.37150, 0.79533, 1.16960, -0.00253, 0.73030, 31.53402, -0.00000, 0.00000
1.38000, 1.20173, 5.53050, 0.81889, 1.18680, -0.00232, 0.75379, 31.53402, -0.00000, 0.00000
1.40000, 1.33187, 6.73175, 0.84280, 1.20400, -0.00208, 0.77806, 31.53402, -0.00000, 0.00000
1.42000, 1.47100, 4.68025, 0.86705, 1.22120, -0.00173, 0.80542, 31.53402, -0.00000, 0.00000
1.44000, 1.51908, 3.42050, 0.89165, 1.23840, -0.00140, 0.82736, 31.53402, -0.00000, 0.00000
1.46000, 1.60782, 2.94200, 0.91659, 1.25560, -0.00090, 0.85811, 31.53402, -0.00000, 0.00000
1.48000, 1.63676, 1.66300, 0.94187, 1.27280, -0.00070, 0.86936, 31.53402, -0.00000, 0.00000
1.50000, 1.67434, 0.85325, 0.96750, 1.29000, -0.00020, 0.89767, 31.53402, -0.00000, 0.00000
1.52000, 1.67089, -0.54350, 0.99347, 1.30720, 0.00028, 0.92458, 31.53402, -0.00000, 0.00000
1.54000, 1.65260, -1.84225, 1.01979, 1.32440, 0.00079, 0.95271, 31.53402, -0.00000, 0.00000
1.56000, 1.59720, -3.36575, 1.04645, 1.34160, 0.00123, 0.97899, 31.53402, -0.00000, 0.00000
1.58000, 1.51797, -4.19600, 1.07345, 1.35880, 0.00170, 1.00821, 31.53402, -0.00000, 0.00000
1.60000, 1.42936, -3.42525, 1.10080, 1.37600, 0.00208, 1.03465, 31.53402, -0.00000, 0.00000
1.62000, 1.38096, -4.48925, 1.12849, 1.39320, 0.00232, 1.05263, 31.53402, -0.00000, 0.00000
1.64000, 1.24979, -4.43975, 1.15653, 1.41040, 0.00262, 1.07889, 31.53402, -0.00000, 0.00000
1.66000, 1.20337, -1.44200, 1.18491, 1.42760, 0.00294, 1.11040, 31.53402, -0.00000, 0.00000
1.68000, 1.19211, -0.20175, 1.21363, 1.44480, 0.00323, 1.13990, 31.53402, -0.00000, 0.00000
1.70000, 1.19530, 0.10100, 1.24270, 1.46200, 0.00358, 1.17648, 31.53402, -0.00000, 0.00000
1.72000, 1.19615, 0.01225, 1.27211, 1.47920, 0.00388, 1.20764, 31.53402, -0.00000, 0.00000
1.74000, 1.19579, -0.33925, 1.30187, 1.49640, 0.00402, 1.22119, 31.53402, -0.00000, 0.00000
1.76000, 1.18258, -1.15875, 1.33197, 1.51360, 0.00434, 1.25545, 31.53402, -0.00000, 0.00000
1.78000, 1.14944, -2.30100, 1.36241, 1.53080, 0.00460, 1.28339, 31.53402, -0.00000, 0.00000
1.80000, 1.09054, -2.81850, 1.39320, 1.54800, 0.00490, 1.31929, 31.53402, -0.00000, 0.00000
1.82000, 1.03670, -2.30150, 1.42433, 1.56520, 0.00510, 1.34550, 31.53402, -0.00000, 0.00000
1.84000, 0.99848, -2.20375, 1.45581, 1.58240, 0.00533, 1.37958, 31.53402, -0.00000, 0.00000
1.86000, 0.94855, -1.92050, 1.48763, 1.59960, 0.00551, 1.41056, 31.53402, -0.00000, 0.00000
1.88000, 0.92166, -0.84625, 1.51979, 1.61680, 0.00573, 1.45350, 31.53402, -0.00000, 0.00000
1.90000, 0.91470, 0.14975, 1.55230, 1.63400, 0.00587, 1.48342, 31.53402, -0.00000, 0.00000
1.92000, 0.92765, 1.89825, 1.58515, 1.65120, 0.00601, 1.51286, 31.53402, -0.00000, 0.00000
1.94000, 0.99063, 5.00450, 1.61835, 1.66840, 0.00615, 1.53737, 31.53402, -0.00000, 0.00000
1.96000, 1.12783, 6.61525, 1.65189, 1.68560, 0.00649, 1.58529, 31.53402, -0.00000, 0.00000
1.98000, 1.25524, 6.82950, 1.68577, 1.70280, 0.00672, 1.61157, 31.53402, -0.00000, 0.00000
2.00000, 1.40101, 7.96250, 1.72000, 1.72000, 0.00716, 1.65062, 31.53402, -0.00000, 0.00000
2.02000, 1.57374, 8.67525, 1.75457, 1.73720, 0.00764, 1.68402, 31.53402, -0.00000, 0.00000
2.04000, 1.74802, 7.84450, 1.78949, 1.75440, 0.00809, 1.71065, 31.53402, -0.00000, 0.00000
2.06000, 1.88752, 10.76550, 1.82475, 1.77160, 0.00874, 1.74271, 31.53402, -0.00000, 0.00000
2.08000, 2.17864, 12.14300, 1.86035, 1.78880, 0.00996, 1.79148, 31.53402, -0.00000, 0.00000
2.10000, 2.37324, 12.19150, 1.89628, 1.80000, 0.01064, 1.81475, 31.53402, -0.00000, 0.00000
2.12000, 2.66630, 9.35875, 1.93228, 1.80000, 0.01216, 1.86215, 31.53402, -0.00000, 0.00000
2.14000, 2.74759, 6.09625, 1.96828, 1.80000, 0.01329, 1.89339, 31.53402, -0.00000, 0.00000
2.16000, 2.91015, 10.58075, 2.00428, 1.80000, 0.01451, 1.92457, 31.53402, -0.00000, 0.00000
2.18000, 3.17082, 9.55550, 2.04028, 1.80000, 0.01640, 1.96935, 31.53402, -0.00000, 0.00000
2.20000, 3.29237, 7.76775, 2.07628, 1.80000, 0.01756, 1.99485, 31.53402, -0.00000, 0.00000
2.22000, 3.48153, 6.38025, 2.11228, 1.80000, 0.01979, 2.04175, 31.53402, -0.00000, 0.00000
2.24000, 3.54758, 6.21425, 2.14828, 1.80000, 0.02103, 2.06642, 31.53402, -0.00000, 0.00000
2.26000, 3.73010, 7.21100, 2.18428, 1.80000, 0.02346, 2.11261, 31.53402, -0.00000, 0.00000
2.28000, 3.83602, 6.96650, 2.22028, 1.80000, 0.02529, 2.14589, 31.53402, -0.00000, 0.00000
2.30000, 4.00876, 7.68925, 2.25628, 1.80000, 0.02706, 2.17654, 31.53402, -0.00000, 0.00000
2.32000, 4.14359, 6.88900, 2.29228, 1.80000, 0.02908, 2.21019, 31.53402, -0.00000, 0.00000
2.34000, 4.28432, 5.93200, 2.32828, 1.80000, 0.03165, 2.25110, 31.53402, -0.00000, 0.00000
2.36000, 4.38087, 4.41725, 2.36428, 1.80000, 0.03373, 2.28351, 31.53402, -0.00000, 0.00000
2.38000, 4.46101, 5.70725, 2.40028, 1.80000, 0.03603, 2.31830, 31.53402, -0.00000, 0.00000
2.40000, 4.60916, 6.93825, 2.43628, 1.80000, 0.03933, 2.36677, 31.53402, -0.00000, 0.00000
2.42000, 4.73854, 4.96475, 2.47228, 1.80000, 0.04159, 2.39865, 31.53402, -0.00000, 0.00000
2.44000, 4.80775, 2.21025, 2.50828, 1.80000, 0.04423, 2.43506, 31.53402, -0.00000, 0.00000
2.46000, 4.82695, 0.41325, 2.54428, 1.80000, 0.04646, 2.46561, 31.53402, -0.00000, 0.00000
2.48000, 4.82428, -1.03100, 2.58028, 1.80000, 0.04897, 2.49994, 31.53402, -0.00000, 0.00000
2.50000, 4.78571, -2.18325, 2.61628, 1.80000, 0.05229, 2.54562, 31.53402, -0.00000, 0.00000
2.52000, 4.73695, -2.32050, 2.65228, 1.80000, 0.05442, 2.57515, 31.53402, -0.00000, 0.00000
2.54000, 4.69289, -2.29025, 2.68828, 1.80000, 0.05631, 2.60168, 31.53402, -0.00000, 0.00000
2.56000, 4.64534, -1.40200, 2.72428, 1.80000, 0.05966, 2.64914, 31.53402, -0.00000, 0.00000
2.58000, 4.63681, -0.52425, 2.76028, 1.80000, 0.06222, 2.68588, 31.53402, -0.00000, 0.00000
2.60000, 4.62437, 1.10675, 2.79628, 1.80000, 0.06455, 2.71928, 31.53402, -0.00000, 0.00000
2.62000, 4.68108, 2.55225, 2.83228, 1.80000, 0.06696, 2.75357, 31.53402, -0.00000, 0.00000
2.64000, 4.72646, 3.78300, 2.86828, 1.80000, 0.06912, 2.78408, 31.53402, -0.00000, 0.00000
2.66000, 4.83240, 5.12175, 2.90428, 1.80000, 0.07153, 2.81741, 31.53402, -0.00000, 0.00000
2.68000, 4.93133, 5.60000, 2.94028, 1.80000, 0.07503, 2.86479, 31.53402, -0.00000, 0.00000
2.70000, 5.05640, 4.15275, 2.97628, 1.80000, 0.07733, 2.89510, 31.53402, -0.00000, 0.00000
2.72000, 5.09744, 3.96800, 3.01228, 1.80000, 0.08013, 2.93125, 31.53402, -0.00000, 0.00000
2.74000, 5.21512, 3.67525, 3.04828, 1.80000, 0.08263, 2.96303, 31.53402, -0.00000, 0.00000
2.76000, 5.24445, 1.30125, 3.08428, 1.80000, 0.08538, 2.99729, 31.53402, -0.00000, 0.00000
2.78000, 5.26717, 2.78775, 3.12028, 1.80000, 0.08849, 3.03577, 31.53402, -0.00000, 0.00000
2.80000, 5.35596, 2.52425, 3.15628, 1.80000, 0.09198, 3.07831, 31.53402, -0.00000, 0.00000
2.82000, 5.36814, 0.34525, 3.19228, 1.80000, 0.09492, 3.11389, 31.53402, -0.00000, 0.00000
2.84000, 5.36977, -0.41675, 3.22828, 1.80000, 0.09778, 3.14842, 31.53402, -0.00000, 0.00000
2.86000, 5.35147, 0.78525, 3.26428, 1.80000, 0.10054, 3.18197, 31.53402, -0.00000, 0.00000
2.88000, 5.40118, 2.21125, 3.30028, 1.80000, 0.10392, 3.22278, 31.53402, -0.00000, 0.00000
2.90000, 5.43992, 1.59550, 3.33628, 1.80000, 0.10707, 3.26048, 31.53402, -0.00000, 0.00000
2.92000, 5.46500, 0.61900, 3.37228, 1.80000, 0.10993, 3.29436, 31.53402, -0.00000, 0.00000
2.94000, 5.46468, -0.21150, 3.40828, 1.80000, 0.11266, 3.32677, 31.53402, -0.00000, 0.00000
2.96000, 5.45654, 0.93175, 3.44428, 1.80000, 0.11546, 3.35990, 31.53402, -0.00000, 0.00000
2.98000, 5.50195, 2.25025, 3.48028, 1.80000, 0.11932, 3.40558, 31.53402, -0.00000, 0.00000
3.00000, 5.54655, 1.79050, 3.51628, 1.80000, 0.12246, 3.44237, 31.53402, -0.00000, 0.00000
3.02000, 5.57357, 0.51150, 3.55228, 1.80000, 0.12513, 3.47331, 31.53402, -0.00000, 0.00000
3.04000, 5.56701, -2.68100, 3.58828, 1.80000, 0.12766, 3.50265, 31.53402, -0.00000, 0.00000
3.06000, 5.46633, -3.74675, 3.62428, 1.80000, 0.13119, 3.54378, 31.53402, -0.00000, 0.00000
3.08000, 5.41714, -4.66475, 3.66028, 1.80000, 0.13389, 3.57594, 31.53402, -0.00000, 0.00000
3.10000, 5.27974, -6.27500, 3.69628, 1.80000, 0.13735, 3.61812, 31.53402, -0.00000, 0.00000
3.12000, 5.16614, -7.36875, 3.73228, 1.80000, 0.13968, 3.64719, 31.53402, -0.00000, 0.00000
3.14000, 4.98499, -8.05225, 3.76828, 1.80000, 0.14286, 3.68808, 31.53402, -0.00000, 0.00000
3.16000, 4.84405, -7.06675, 3.80428, 1.80000, 0.14540, 3.72176, 31.53402, -0.00000, 0.00000
3.18000, 4.70232, -7.66275, 3.84028, 1.80000, 0.14786, 3.75569, 31.53402, -0.00000, 0.00000
3.20000, 4.53754, -10.62075, 3.87628, 1.80000, 0.15026, 3.79010, 31.53402, -0.00000, 0.00000
3.22000, 4.27749, -11.14800, 3.91228, 1.80000, 0.15332, 3.83633, 31.53402, -0.00000, 0.00000
3.24000, 4.09162, -12.86700, 3.94828, 1.80000, 0.15529, 3.86796, 31.53402, -0.00000, 0.00000
3.26000, 3.76281, -17.69075, 3.98428, 1.80000, 0.15796, 3.91399, 31.53402, -0.00000, 0.00000
3.28000, 3.38399, -19.00025, 4.02028, 1.80000, 0.15928, 3.93900, 31.53402, -0.00000, 0.00000
3.30000, 3.00280, -21.46175, 4.05628, 1.80000, 0.16116, 3.98070, 31.53402, -0.00000, 0.00000
3.32000, 2.52552, -33.97050, 4.09228, 1.80000, 0.16231, 4.01198, 31.53402, -0.00000, 0.00000
3.34000, 1.64398, -39.87850, 4.12828, 1.80000, 0.16343, 4.05918, 31.53402, -0.00000, 0.00000
3.36000, 0.93038, -49.99575, 4.16428, 1.80000, 0.16368, 4.09030, 31.53402, -0.00000, 0.00000
3.38000, -0.35585, -60.81575, 4.20028, 1.80000, 0.16325, 4.13223, 31.53402, -0.00000, 0.00000
3.40000, -1.50225, -64.88800, 4.23628, 1.80000, 0.16233, 4.15903, 31.53402, -0.00000, 0.00000
3.42000, -2.95137, -77.17275, 4.27228, 1.80000, 0.16012, 4.19999, 31.53402, -0.00000, 0.00000
3.44000, -4.58916, -82.73925, 4.30828, 1.80000, 0.15718, 4.23606, 31.53402, -0.00000, 0.00000
3.46000, -6.26094, -83.67625, 4.34428, 1.80000, 0.15308, 4.27446, 31.53402, -0.00000, 0.00000
3.48000, -7.93621, -63.29625, 4.38028, 1.80000, 0.14774, 4.31415, 31.53402, -0.00000, 0.00000
3.50000, -8.79279, -53.91200, 4.41628, 1.80000, 0.14382, 4.33904, 31.53402, -0.00000, 0.00000
3.52000, -10.09269, -67.42675, 4.45228, 1.80000, 0.13655, 4.37981, 31.53402, -0.00000, 0.00000
3.54000, -11.48986, -69.72150, 4.48828, 1.80000, 0.12920, 4.41605, 31.53402, -0.00000, 0.00000
3.56000, -12.88155, -73.07075, 4.52428, 1.80000, 0.12159, 4.44962, 31.53402, -0.00000, 0.00000
3.58000, -14.41269, -69.51625, 4.56028, 1.80000, 0.11105, 4.49129, 31.53402, -0.00000, 0.00000
3.60000, -15.66220, -51.93925, 4.59628, 1.80000, 0.10062, 4.52837, 31.53402, -0.00000, 0.00000
3.62000, -16.49026, -53.35525, 4.63228, 1.80000, 0.09324, 4.55290, 31.53402, -0.00000, 0.00000
3.64000, -17.79641, -59.74150, 4.66828, 1.80000, 0.08236, 4.58678, 31.53402, -0.00000, 0.00000
3.66000, -18.87992, -67.25075, 4.70428, 1.80000, 0.06940, 4.62452, 31.53402, -0.00000, 0.00000
3.68000, -20.48644, -75.63925, 4.74028, 1.80000, 0.05647, 4.65965, 31.53402, -0.00000, 0.00000
3.70000, -21.90549, -59.88850, 4.77628, 1.80000, 0.04407, 4.69074, 31.53402, -0.00000, 0.00000
3.72000, -22.88198, -76.35225, 4.81228, 1.80000, 0.03012, 4.72359, 31.53402, -0.00000, 0.00000
3.74000, -24.95958, -91.43950, 4.84828, 1.80000, 0.00991, 4.76740, 31.53402, -0.00000, 0.00000
3.76000, -26.53956, -86.68425, 4.88428, 1.80000, -0.00404, 4.79538, 31.53402, -0.00000, 0.00000
3.78000, -28.42695, -94.19400, 4.92028, 1.80000, -0.02003, 4.82518, 31.53402, -0.00000, 0.00000
3.80000, -30.30732, -94.75075, 4.95628, 1.80000, -0.03764, 4.85589, 31.53402, -0.00000, 0.00000
3.82000, -32.21698, -79.02900, 4.99228, 1.80000, -0.05514, 4.88424, 31.53402, -0.00000, 0.00000
3.84000, -33.46848, -82.74975, 5.02828, 1.80000, -0.07326, 4.91166, 31.53402, -0.00000, 0.00000
3.86000, -35.52697, -120.85400, 5.06428, 1.80000, -0.09657, 4.94464, 31.53402, -0.00000, 0.00000
3.88000, -38.30264, -128.23700, 5.10028, 1.80000, -0.11800, 4.97204, 31.53402, -0.00000, 0.00000
3.90000, -40.65645, -111.32325, 5.13628, 1.80000, -0.14024, 4.99842, 31.53402, -0.00000, 0.00000
3.92000, -42.75557, -104.18450, 5.17228, 1.80000, -0.16368, 5.02411, 31.53402, -0.00000, 0.00000
3.94000, -44.82383, -114.69175, 5.20828, 1.80000, -0.19162, 5.05257, 31.53402, -0.00000, 0.00000
3.96000, -47.34324, -113.38325, 5.24428, 1.80000, -0.21641, 5.07558, 31.53402, -0.00000, 0.00000
3.98000, -49.35916, -93.40325, 5.28028, 1.80000, -0.24006, 5.09612, 31.53402, -0.00000, 0.00000
4.00000, -51.07937, -69.73225, 5.31628, 1.80000, -0.26993, 5.12056, 31.53402, -0.00000, 0.00000
4.02000, -52.14845, -74.39000, 5.35228, 1.80000, -0.29526, 5.14017, 31.53402, -0.00000, 0.00000
4.04000, -54.05497, -90.59025, 5.38828, 1.80000, -0.32404, 5.16119, 31.53402, -0.00000, 0.00000
4.06000, -55.77206, -85.24900, 5.42428, 1.80000, -0.35587, 5.18291, 31.53402, -0.00000, 0.00000
4.08000, -57.46493, -82.87575, 5.46028, 1.80000, -0.38579, 5.20212, 31.53402, -0.00000, 0.00000
4.10000, -59.08709, -82.42650, 5.49628, 1.80000, -0.41708, 5.22112, 31.53402, -0.00000, 0.00000
4.12000, -60.76199, -89.75050, 5.53228, 1.80000, -0.45133, 5.24053, 31.53402, -0.00000, 0.00000
4.14000, -62.67711, -73.03275, 5.56828, 1.80000, -0.48346, 5.25739, 31.53402, -0.00000, 0.00000
4.16000, -63.68330, -60.58200, 5.60428, 1.80000, -0.51639, 5.27354, 31.53402, -0.00000, 0.00000
4.18000, -65.10039, -68.45200, 5.64028, 1.80000, -0.54672, 5.28758, 31.53402, -0.00000, 0.00000
4.20000, -66.42138, -77.49450, 5.67628, 1.80000, -0.57960, 5.30198, 31.53402, -0.00000, 0.00000
4.22000, -68.20017, -88.43225, 5.71228, 1.80000, -0.61240, 5.31540, 31.53402, -0.00000, 0.00000
4.24000, -69.95867, -78.52075, 5.74828, 1.80000, -0.64983, 5.32939, 31.53402, -0.00000, 0.00000
4.26000, -71.34100, -73.97975, 5.78428, 1.80000, -0.67905, 5.33950, 31.53402, -0.00000, 0.00000
4.28000, -72.91786, -81.54800, 5.82028, 1.80000, -0.71917, 5.35202, 31.53402, -0.00000, 0.00000
4.30000, -74.60292, -86.48925, 5.85628, 1.80000, -0.75256, 5.36138, 31.53402, -0.00000, 0.00000
4.32000, -76.37743, -90.85400, 5.89228, 1.80000, -0.78496, 5.36951, 31.53402, -0.00000, 0.00000
4.34000, -78.23708, -82.03550, 5.92828, 1.80000, -0.82556, 5.37823, 31.53402, -0.00000, 0.00000
4.36000, -79.65885, -59.75150, 5.96428, 1.80000, -0.85793, 5.38427, 31.53402, -0.00000, 0.00000
4.38000, -80.62714, -75.12200, 6.00028, 1.80000, -0.89275, 5.38990, 31.53402, -0.00000, 0.00000
4.40000, -82.66373, -81.00050, 6.03628, 1.80000, -0.93504, 5.39553, 31.53402, -0.00000, 0.00000
4.42000, -83.86716, -58.85300, 6.07228, 1.80000, -0.95776, 5.39798, 31.53402, -0.00000, 0.00000
4.44000, -85.01785, -51.38175, 6.10828, 1.80000, -0.99119, 5.40092, 31.53402, -0.00000, 0.00000
4.46000, -85.92243, -42.14325, 6.14428, 1.80000, -1.03219, 5.40377, 31.53402, -0.00000, 0.00000
4.48000, -86.70358, -31.93925, 6.18028, 1.80000, -1.06658, 5.40567, 31.53402, -0.00000, 0.00000
4.50000, -87.20000, -30.76700, 6.21628, 1.80000, -1.10785, 5.40742, 31.53402, -0.00000, 0.00000
4.52000, -87.93426, -28.79425, 6.25228, 1.80000, -1.14416, 5.40850, 31.53402, -0.00000, 0.00000
4.54000, -88.35177, -27.75950, 6.28828, 1.80000, -1.17092, 5.40905, 31.53402, -0.00000, 0.00000
4.56000, -89.04464, -37.31925, 6.32428, 1.80000, -1.21209, 5.40946, 31.53402, -0.00000, 0.00000
4.58000, -89.84454, -32.36900, 6.36028, 1.80000, -1.24995, 5.40935, 31.53402, -0.00000, 0.00000
4.60000, -90.33940, -29.55600, 6.39628, 1.80000, -1.27742, 5.40898, 31.53402, -0.00000, 0.00000
4.62000, -91.02678, -29.85800, 6.43228, 1.80000, -1.31467, 5.40812, 31.53402, -0.00000, 0.00000
4.64000, -91.53372, -20.90425, 6.46828, 1.80000, -1.35693, 5.40669, 31.53402, -0.00000, 0.00000
4.66000, -91.86295, -19.22425, 6.50428, 1.80000, -1.38236, 5.40564, 31.53402, -0.00000, 0.00000
4.68000, -92.30269, -15.45475, 6.54028, 1.80000, -1.42683, 5.40350, 31.53402, -0.00000, 0.00000
4.70000, -92.48114, -6.38225, 6.57628, 1.80000, -1.45535, 5.40197, 31.53402, -0.00000, 0.00000
4.72000, -92.55798, 0.06400, 6.61228, 1.80000, -1.49571, 5.39972, 31.53402, -0.00000, 0.00000
4.74000, -92.47858, 3.67600, 6.64828, 1.80000, -1.53697, 5.39743, 31.53402, -0.00000, 0.00000
4.76000, -92.41094, 3.33425, 6.68428, 1.80000, -1.56036, 5.39617, 31.53402, -0.00000, 0.00000
4.78000, -92.34521, 3.41250, 6.72028, 1.80000, -1.60587, 5.39377, 31.53402, -0.00000, 0.00000
4.80000, -92.27444, 3.76375, 6.75628, 1.80000, -1.63415, 5.39231, 31.53402, -0.00000, 0.00000
4.82000, -92.19466, 5.43425, 6.79228, 1.80000, -1.67682, 5.39016, 31.53402, -0.00000, 0.00000
4.84000, -92.05707, 5.60925, 6.82828, 1.80000, -1.70460, 5.38881, 31.53402, -0.00000, 0.00000
4.86000, -91.97029, 3.80200, 6.86428, 1.80000, -1.73473, 5.38740, 31.53402, -0.00000, 0.00000
4.88000, -91.90499, 2.54325, 6.90028, 1.80000, -1.77457, 5.38561, 31.53402, -0.00000, 0.00000
4.90000, -91.86856, 1.43975, 6.93628, 1.80000, -1.81703, 5.38374, 31.53402, -0.00000, 0.00000
4.92000, -91.84740, 1.51700, 6.97228, 1.80000, -1.84939, 5.38232, 31.53402, -0.00000, 0.00000
4.94000, -91.80788, 1.79075, 7.00828, 1.80000, -1.88103, 5.38096, 31.53402, -0.00000, 0.00000
4.96000, -91.77577, 0.48225, 7.04423, 1.79400, -1.91053, 5.37970, 31.53402, -0.00000, 0.00000
4.98000, -91.78859, -0.06425, 7.08003, 1.78600, -1.94272, 5.37834, 31.53402, -0.00000, 0.00000
5.00000, -91.77834, 0.55100, 7.11567, 1.77800, -1.99308, 5.37621, 31.53402, -0.00000, 0.00000
5.02000, -91.76655, 0.96925, 7.15115, 1.77000, -2.02405, 5.37490, 31.53402, -0.00000, 0.00000
5.04000, -91.73957, 2.51225, 7.18647, 1.76200, -2.05654, 5.37354, 31.53402, -0.00000, 0.00000
5.06000, -91.66606, 4.08550, 7.22163, 1.75400, -2.09235, 5.37208, 31.53402, -0.00000, 0.00000
5.08000, -91.57615, 5.53100, 7.25663, 1.74600, -2.12693, 5.37073, 31.53402, -0.00000, 0.00000
5.10000, -91.44482, 7.28875, 7.29147, 1.73800, -2.15541, 5.36968, 31.53402, -0.00000, 0.00000
5.12000, -91.28460, 7.30800, 7.32615, 1.73000, -2.19042, 5.36847, 31.53402, -0.00000, 0.00000
5.14000, -91.15250, 6.81000, 7.36067, 1.72200, -2.22253, 5.36744, 31.53402, -0.00000, 0.00000
5.16000, -91.01220, 6.60475, 7.39503, 1.71400, -2.25554, 5.36645, 31.53402, -0.00000, 0.00000
5.18000, -90.88831, 6.26300, 7.42923, 1.70600, -2.29499, 5.36536, 31.53402, -0.00000, 0.00000
5.20000, -90.76168, 7.43550, 7.46327, 1.69800, -2.33083, 5.36446, 31.53402, -0.00000, 0.00000
5.22000, -90.59089, 7.35725, 7.49715, 1.69000, -2.35767, 5.36384, 31.53402, -0.00000, 0.00000
5.24000, -90.46739, 5.66725, 7.53087, 1.68200, -2.39821, 5.36302, 31.53402, -0.00000, 0.00000
5.26000, -90.36420, 4.86675, 7.56443, 1.67400, -2.42845, 5.36246, 31.53402, -0.00000, 0.00000
5.28000, -90.27272, 4.07575, 7.59783, 1.66600, -2.46738, 5.36181, 31.53402, -0.00000, 0.00000
5.30000, -90.20117, 2.77575, 7.63107, 1.65800, -2.50576, 5.36123, 31.53402, -0.00000, 0.00000
5.32000, -90.16169, 2.63900, 7.66415, 1.65000, -2.51872, 5.36104, 31.53402, -0.00000, 0.00000
5.34000, -90.09561, 4.48625, 7.69707, 1.64200, -2.55250, 5.36059, 31.53402, -0.00000, 0.00000
5.36000, -89.98224, 4.96475, 7.72983, 1.63400, -2.58853, 5.36015, 31.53402, -0.00000, 0.00000
5.38000, -89.89702, 4.48575, 7.76243, 1.62600, -2.62985, 5.35974, 31.53402, -0.00000, 0.00000
5.40000, -89.80281, 4.59325, 7.79487, 1.61800, -2.65793, 5.35950, 31.53402, -0.00000, 0.00000
5.42000, -89.71329, 3.23475, 7.82715, 1.61000, -2.69823, 5.35922, 31.53402, -0.00000, 0.00000
5.44000, -89.67342, 3.51800, 7.85927, 1.60200, -2.71321, 5.35913, 31.53402, -0.00000, 0.00000
5.46000, -89.57257, 6.07775, 7.89123, 1.59400, -2.75569, 5.35893, 233.50000, -0.00000, 0.00000
5.48000, -89.43031, 7.93300, 7.92303, 1.58600, -2.79000, 5.35886, 233.50000, -0.00000, 0.00000
5.50000, -89.25525, 10.84350, 7.95467, 1.57800, -2.81664, 5.35885, 233.50000, -0.00000, 0.00000
5.52000, -88.99657, 11.54675, 7.98615, 1.57000, -2.85228, 5.35897, 233.50000, -0.00000, 0.00000
5.54000, -88.79338, 7.55125, 8.01747, 1.56200, -2.88571, 5.35921, 233.50000, -0.00000, 0.00000
5.56000, -88.69452, 7.23875, 8.04863, 1.55400, -2.90594, 5.35941, 233.50000, -0.00000, 0.00000
5.58000, -88.50383, 9.64200, 8.07963, 1.54600, -2.94696, 5.35995, 233.50000, -0.00000, 0.00000
5.60000, -88.30884, 7.39500, 8.11047, 1.53800, -2.98236, 5.36053, 233.50000, -0.00000, 0.00000
5.62000, -88.20803, 7.17050, 8.14115, 1.53000, -3.00051, 5.36088, 233.50000, -0.00000, 0.00000
5.64000, -88.02202, 10.37500, 8.17167, 1.52200, -3.03448, 5.36161, 233.50000, -0.00000, 0.00000
5.66000, -87.79303, 10.15025, 8.20203, 1.51400, -3.06895, 5.36247, 233.50000, -0.00000, 0.00000
5.68000, -87.61601, 6.00825, 8.23223, 1.50600, -3.10463, 5.36349, 233.50000, -0.00000, 0.00000
5.70000, -87.55270, 4.89500, 8.26227, 1.49800, -3.11977, 5.36395, 233.50000, -0.00000, 0.00000
5.72000, -87.42021, 6.37975, 8.29215, 1.49000, -3.15066, 5.36494, 233.50000, -0.00000, 0.00000
5.74000, -87.29751, 5.20700, 8.32187, 1.48200, -3.18964, 5.36628, 233.50000, -0.00000, 0.00000
5.76000, -87.21193, 7.16075, 8.35143, 1.47400, -3.21023, 5.36703, 233.50000, -0.00000, 0.00000
5.78000, -87.01108, 11.13625, 8.38083, 1.46600, -3.24391, 5.36833, 233.50000, -0.00000, 0.00000
5.80000, -86.76648, 6.11500, 8.41007, 1.45800, -3.27480, 5.36962, 233.50000, -0.00000, 0.00000
5.82000, -86.76648, 8.19550, 8.43915, 1.45000, -3.29278, 5.37044, 233.50000, -0.00000, 0.00000
5.84000, -86.43866, 11.53600, 8.46807, 1.44200, -3.33298, 5.37243, 233.50000, -0.00000, 0.00000
5.86000, -86.30504, 9.79725, 8.49683, 1.43400, -3.34676, 5.37316, 233.50000, -0.00000, 0.00000
5.88000, -86.04677, 12.61075, 8.52543, 1.42600, -3.38765, 5.37549, 233.50000, -0.00000, 0.00000
5.90000, -85.80061, 13.29425, 8.55387, 1.41800, -3.42304, 5.37764, 233.50000, -0.00000, 0.00000
5.92000, -85.51500, 10.95950, 8.58215, 1.41000, -3.45263, 5.37958, 233.50000, -0.00000, 0.00000
5.94000, -85.36223, 12.04350, 8.61027, 1.40200, -3.47356, 5.38102, 233.50000, -0.00000, 0.00000
5.96000, -85.03326, 12.49275, 8.63823, 1.39400, -3.50444, 5.38330, 233.50000, -0.00000, 0.00000
5.98000, -84.86252, 14.23150, 8.66603, 1.38600, -3.52414, 5.38483, 233.50000, -0.00000, 0.00000
6.00000, -84.46400, 16.91775, 8.69367, 1.37800, -3.55755, 5.38758, 233.50000, -0.00000, 0.00000
6.02000, -84.18581, 10.88150, 8.72115, 1.37000, -3.59267, 5.39067, 233.50000, -0.00000, 0.00000
6.04000, -84.02874, 11.86775, 8.74847, 1.36200, -3.60782, 5.39206, 233.50000, -0.00000, 0.00000
6.06000, -83.71110, 12.74650, 8.77563, 1.35400, -3.64125, 5.39525, 233.50000, -0.00000, 0.00000
6.08000, -83.51888, 9.85525, 8.80263, 1.34600, -3.66805, 5.39795, 233.50000, -0.00000, 0.00000
6.10000, -83.31689, 15.89125, 8.82947, 1.33800, -3.68861, 5.40010, 233.50000, -0.00000, 0.00000
6.12000, -82.88323, 23.61650, 8.85615, 1.33000, -3.72103, 5.40371, 233.50000, -0.00000, 0.00000
6.14000, -82.37223, 19.68025, 8.88267, 1.32200, -3.74923, 5.40703, 233.50000, -0.00000, 0.00000
6.16000, -82.09602, 24.56350, 8.90903, 1.31400, -3.77152, 5.40983, 233.50000, -0.00000, 0.00000
6.18000, -81.38969, 25.10050, 8.93523, 1.30600, -3.79815, 5.41337, 233.50000, -0.00000, 0.00000
6.20000, -81.09200, 22.66850, 8.96127, 1.29800, -3.82126, 5.41663, 233.50000, -0.00000, 0.00000
6.22000, -80.48295, 23.22500, 8.98715, 1.29000, -3.85091, 5.42107, 233.50000, -0.00000, 0.00000
6.24000, -80.16300, 23.65475, 9.01287, 1.28200, -3.87091, 5.42423, 233.50000, -0.00000, 0.00000
6.26000, -79.53676, 31.32175, 9.03843, 1.27400, -3.89885, 5.42886, 233.50000, -0.00000, 0.00000
6.28000, -78.91013, 24.05525, 9.06383, 1.26600, -3.93288, 5.43488, 233.50000, -0.00000, 0.00000
6.30000, -78.57455, 26.56500, 9.08907, 1.25800, -3.94574, 5.43725, 233.50000, -0.00000, 0.00000
6.32000, -77.84753, 27.47325, 9.11415, 1.25000, -3.98076, 5.44406, 233.50000, -0.00000, 0.00000
6.34000, -77.47562, 23.16600, 9.13907, 1.24200, -4.01006, 5.45012, 233.50000, -0.00000, 0.00000
6.36000, -76.92089, 32.41500, 9.16383, 1.23400, -4.02190, 5.45273, 233.50000, -0.00000, 0.00000
6.38000, -76.17902, 37.10300, 9.18843, 1.22600, -4.05325, 5.45990, 233.50000, -0.00000, 0.00000
6.40000, -75.43677, 37.89400, 9.21287, 1.21800, -4.07779, 5.46582, 233.50000, -0.00000, 0.00000
6.42000, -74.66326, 29.27000, 9.23715, 1.21000, -4.10835, 5.47352, 233.50000, -0.00000, 0.00000
6.44000, -74.26597, 30.35400, 9.26127, 1.20200, -4.12523, 5.47800, 233.50000, -0.00000, 0.00000
6.46000, -73.44910, 31.18425, 9.28523, 1.19400, -4.15526, 5.48633, 233.50000, -0.00000, 0.00000
6.48000, -73.01860, 33.78175, 9.30903, 1.18600, -4.16627, 5.48947, 233.50000, -0.00000, 0.00000
6.50000, -72.09783, 35.28575, 9.33267, 1.17800, -4.19547, 5.49818, 233.50000, -0.00000, 0.00000
6.52000, -71.60717, 44.05550, 9.35615, 1.17000, -4.20704, 5.50178, 233.50000, -0.00000, 0.00000
6.54000, -70.33561, 45.09075, 9.37947, 1.16200, -4.23765, 5.51175, 233.50000, -0.00000, 0.00000
6.56000, -69.80354, 41.87750, 9.40263, 1.15400, -4.26627, 5.52179, 233.50000, -0.00000, 0.00000
6.58000, -68.66051, 43.33250, 9.42563, 1.14600, -4.29440, 5.53229, 233.50000, -0.00000, 0.00000
6.60000, -68.07024, 30.11900, 9.44847, 1.13800, -4.30454, 5.53625, 233.50000, -0.00000, 0.00000
6.62000, -67.45575, 62.33725, 9.47115, 1.13000, -4.31996, 5.54236, 233.50000, -0.00000, 0.00000
6.64000, -65.57675, 62.74725, 9.49367, 1.12200, -4.34761, 5.55389, 233.50000, -0.00000, 0.00000
6.66000, -64.94586, 48.23500, 9.51603, 1.11400, -4.37673, 5.56694, 233.50000, -0.00000, 0.00000
6.68000, -63.64735, 49.49475, 9.53823, 1.10600, -4.38631, 5.57141, 233.50000, -0.00000, 0.00000
6.70000, -62.96607, 62.63950, 9.56027, 1.09800, -4.41391, 5.58487, 233.50000, -0.00000, 0.00000
6.72000, -61.14177, 64.29975, 9.58215, 1.09000, -4.43872, 5.59803, 233.50000, -0.00000, 0.00000
6.74000, -60.39408, 56.15500, 9.60387, 1.08200, -4.44757, 5.60293, 233.50000, -0.00000, 0.00000
6.76000, -58.89557, 76.30225, 9.62543, 1.07400, -4.47006, 5.61590, 233.50000, -0.00000, 0.00000
6.78000, -57.34199, 58.94775, 9.64683, 1.06600, -4.49250, 5.62967, 233.50000, -0.00000, 0.00000
6.80000, -56.53766, 61.14500, 9.66807, 1.05800, -4.50139, 5.63529, 233.50000, -0.00000, 0.00000
6.82000, -54.89619, 61.97500, 9.68915, 1.05000, -4.52497, 5.65102, 233.50000, -0.00000, 0.00000
6.84000, -54.05866, 63.93800, 9.71007, 1.04200, -4.53417, 5.65742, 233.50000, -0.00000, 0.00000
6.86000, -52.33867, 99.33975, 9.73083, 1.03400, -4.55629, 5.67366, 233.50000, -0.00000, 0.00000
6.88000, -50.08507, 79.57325, 9.75143, 1.02600, -4.57738, 5.69039, 233.50000, -0.00000, 0.00000
6.90000, -49.15574, 70.56875, 9.77187, 1.01800, -4.58515, 5.69686, 233.50000, -0.00000, 0.00000
6.92000, -47.26232, 96.24350, 9.79215, 1.01000, -4.60529, 5.71449, 233.50000, -0.00000, 0.00000
6.94000, -45.30600, 98.45075, 9.81227, 1.00200, -4.62319, 5.73130, 233.50000, -0.00000, 0.00000
6.96000, -43.32429, 73.78175, 9.83223, 0.99400, -4.64007, 5.74815, 233.50000, -0.00000, 0.00000
6.98000, -42.35473, 73.23475, 9.85203, 0.98600, -4.64762, 5.75609, 233.50000, -0.00000, 0.00000
7.00000, -40.39490, 96.48775, 9.87167, 0.97800, -4.66578, 5.77629, 233.50000, -0.00000, 0.00000
7.02000, -38.49522, 80.44250, 9.89115, 0.97000, -4.68141, 5.79495, 233.50000, -0.00000, 0.00000
7.04000, -37.17720, 74.70025, 9.91047, 0.96200, -4.68727, 5.80231, 233.50000, -0.00000, 0.00000
7.06000, -35.50721, 82.05400, 9.92963, 0.95400, -4.70059, 5.81996, 233.50000, -0.00000, 0.00000
7.08000, -33.89504, 60.80325, 9.94863, 0.94600, -4.71534, 5.84072, 233.50000, -0.00000, 0.00000
7.10000, -33.07508, 41.17350, 9.96747, 0.93800, -4.72058, 5.84844, 233.50000, -0.00000, 0.00000
7.12000, -32.24810, 63.65475, 9.98615, 0.93000, -4.72582, 5.85628, 233.50000, -0.00000, 0.00000
7.14000, -30.52889, 65.50050, 10.00467, 0.92200, -4.74009, 5.87883, 233.50000, -0.00000, 0.00000
7.16000, -29.62808, 45.35325, 10.02303, 0.91400, -4.75037, 5.89614, 233.50000, -0.00000, 0.00000
7.18000, -28.71476, 69.49475, 10.04123, 0.90600, -4.75611, 5.90615, 233.50000, -0.00000, 0.00000
7.20000, -26.84829, 70.78375, 10.05927, 0.89800, -4.76780, 5.92773, 233.50000, -0.00000, 0.00000
7.22000, -25.88341, 85.53025, 10.07715, 0.89000, -4.77364, 5.93916, 233.50000, -0.00000, 0.00000
7.24000, -23.42708, 85.70600, 10.09487, 0.88200, -4.78358, 5.96029, 233.50000, -0.00000, 0.00000
7.26000, -22.45517, 72.17050, 10.11243, 0.87400, -4.78763, 5.96935, 233.50000, -0.00000, 0.00000
7.28000, -20.54026, 96.18500, 10.12983, 0.86600, -4.79890, 5.99683, 233.50000, -0.00000, 0.00000
7.30000, -18.60777, 72.82475, 10.14707, 0.85800, -4.80517, 6.01347, 233.50000, -0.00000, 0.00000
7.32000, -17.62727, 49.20075, 10.16415, 0.85000, -4.80995, 6.02737, 233.50000, -0.00000, 0.00000
7.34000, -16.63974, 72.63925, 10.18107, 0.84200, -4.81447, 6.04137, 233.50000, -0.00000, 0.00000
7.36000, -14.72170, 71.72125, 10.19783, 0.83400, -4.81957, 6.05831, 233.50000, -0.00000, 0.00000
7.38000, -13.77089, 83.55750, 10.21443, 0.82600, -4.82355, 6.07308, 233.50000, -0.00000, 0.00000
7.40000, -11.37940, 84.16300, 10.23087, 0.81800, -4.82833, 6.09225, 233.50000, -0.00000, 0.00000
7.42000, -10.40437, 73.08850, 10.24715, 0.81000, -4.83142, 6.10679, 233.50000, -0.00000, 0.00000
7.44000, -8.45586, 72.89325, 10.26327, 0.80200, -4.83502, 6.12622, 233.50000, -0.00000, 0.00000
7.46000, -7.48864, 73.19575, 10.27923, 0.79400, -4.83714, 6.13947, 233.50000, -0.00000, 0.00000
7.48000, -5.52803, 49.01525, 10.29503, 0.78600, -4.83997, 6.16025, 233.50000, -0.00000, 0.00000
7.50000, -5.52803, 50.89025, 10.31067, 0.77800, -4.84144, 6.17382, 233.50000, -0.00000, 0.00000
7.52000, -3.49242, 101.51700, 10.32615, 0.77000, -4.84227, 6.18303, 233.50000, -0.00000, 0.00000
7.54000, -1.46735, 50.62675, 10.34147, 0.76200, -4.84368, 6.20482, 233.50000, -0.00000, 0.00000
7.56000, -1.46735, 48.35125, 10.35663, 0.75400, -4.84416, 6.21794, 233.50000, -0.00000, 0.00000
7.58000, 0.46670, 72.17050, 10.37163, 0.74600, -4.84436, 6.23970, 233.50000, -0.00000, 0.00000
7.60000, 1.41947, 59.79700, 10.38647, 0.73800, -4.84425, 6.24778, 233.50000, -0.00000, 0.00000
7.62000, 2.85858, 84.23125, 10.40115, 0.73000, -4.84376, 6.26059, 233.50000, -0.00000, 0.00000
7.64000, 4.78872, 71.12550, 10.41567, 0.72200, -4.84255, 6.27972, 233.50000, -0.00000, 0.00000
7.66000, 5.70360, 44.73800, 10.43003, 0.71400, -4.84170, 6.28931, 233.50000, -0.00000, 0.00000
7.68000, 6.57824, 42.51150, 10.44423, 0.70600, -4.84027, 6.30384, 233.50000, -0.00000, 0.00000
7.70000, 7.40406, 59.60225, 10.45827, 0.69800, -4.83931, 6.31195, 233.50000, -0.00000, 0.00000
7.72000, 8.96233, 56.86775, 10.47215, 0.69000, -4.83643, 6.33328, 233.50000, -0.00000, 0.00000
7.74000, 9.67877, 35.04050, 10.48587, 0.68200, -4.83411, 6.34830, 233.50000, -0.00000, 0.00000
7.76000, 10.36395, 33.32175, 10.49943, 0.67400, -4.83276, 6.35617, 233.50000, -0.00000, 0.00000
7.78000, 11.01164, 32.06225, 10.51283, 0.66600, -4.83084, 6.36696, 233.50000, -0.00000, 0.00000
7.80000, 11.64644, 52.27850, 10.52607, 0.65800, -4.82902, 6.37670, 233.50000, -0.00000, 0.00000
7.82000, 13.10278, 36.40850, 10.53915, 0.65000, -4.82390, 6.40098, 233.50000, -0.00000, 0.00000
7.84000, 13.10278, 18.92700, 10.55207, 0.64200, -4.82390, 6.40098, 233.50000, -0.00000, 0.00000
7.86000, 13.85986, 30.21675, 10.56483, 0.63400, -4.81811, 6.42606, 233.50000, -0.00000, 0.00000
7.88000, 14.31145, 21.43700, 10.57743, 0.62600, -4.81602, 6.43483, 233.50000, -0.00000, 0.00000
7.90000, 14.71734, 19.22050, 10.58987, 0.61800, -4.81209, 6.45068, 233.50000, -0.00000, 0.00000
7.92000, 15.08027, 9.07325, 10.60215, 0.61000, -4.80969, 6.46013, 233.50000, -0.00000, 0.00000
7.94000, 15.08027, 8.41875, 10.61427, 0.60200, -4.80969, 6.46013, 233.50000, -0.00000, 0.00000
7.96000, 15.41702, 16.15400, 10.62623, 0.59400, -4.80595, 6.47439, 233.50000, -0.00000, 0.00000
7.98000, 15.72643, 14.82575, 10.63803, 0.58600, -4.80356, 6.48337, 233.50000, -0.00000, 0.00000
8.00000, 16.01005, 13.50750, 10.64967, 0.57800, -4.80077, 6.49363, 233.50000, -0.00000, 0.00000
8.02000, 16.26673, 12.09150, 10.66115, 0.57000, -4.79706, 6.50703, 233.50000, -0.00000, 0.00000
8.04000, 16.49371, 10.97825, 10.67247, 0.56200, -4.79274, 6.52240, 233.50000, -0.00000, 0.00000
8.06000, 16.70586, 12.85375, 10.68363, 0.55400, -4.79010, 6.53165, 233.50000, -0.00000, 0.00000
8.08000, 17.00786, 12.44350, 10.69463, 0.54600, -4.78616, 6.54522, 233.50000, -0.00000, 0.00000
8.10000, 17.20360, 9.23025, 10.70547, 0.53800, -4.78308, 6.55563, 233.50000, -0.00000, 0.00000
8.12000, 17.37707, 8.02900, 10.71615, 0.53000, -4.77911, 6.56895, 233.50000, -0.00000, 0.00000
8.14000, 17.52476, 7.32575, 10.72667, 0.52200, -4.77605, 6.57908, 233.50000, -0.00000, 0.00000
8.16000, 17.67010, 3.63350, 10.73703, 0.51400, -4.77268, 6.59019, 233.50000, -0.00000, 0.00000
8.18000, 17.67010, 3.66300, 10.74723, 0.50600, -4.77268, 6.59019, 233.50000, -0.00000, 0.00000
8.20000, 17.81662, 7.42350, 10.75727, 0.49800, -4.76846, 6.60391, 233.50000, -0.00000, 0.00000
8.22000, 17.96704, 7.77500, 10.76715, 0.49000, -4.76552, 6.61345, 233.50000, -0.00000, 0.00000
8.24000, 18.12762, 8.00950, 10.77687, 0.48200, -4.76170, 6.62565, 233.50000, -0.00000, 0.00000
8.26000, 18.28742, 7.95100, 10.78643, 0.47400, -4.75928, 6.63333, 233.50000, -0.00000, 0.00000
8.28000, 18.44566, 3.95600, 10.79583, 0.46600, -4.75530, 6.64584, 233.50000, -0.00000, 0.00000
8.30000, 18.44566, 4.21950, 10.80507, 0.45800, -4.75270, 6.65394, 233.50000, -0.00000, 0.00000
8.32000, 18.61444, 8.76125, 10.81415, 0.45000, -4.74887, 6.66579, 233.50000, -0.00000, 0.00000
8.34000, 18.79611, 9.45475, 10.82307, 0.44200, -4.74623, 6.67383, 233.50000, -0.00000, 0.00000
8.36000, 18.99263, 4.91300, 10.83183, 0.43400, -4.74358, 6.68187, 233.50000, -0.00000, 0.00000
8.38000, 18.99263, 5.13750, 10.84043, 0.42600, -4.74358, 6.68187, 233.50000, -0.00000, 0.00000
8.40000, 19.19813, 12.34575, 10.84887, 0.41800, -4.74056, 6.69098, 233.50000, -0.00000, 0.00000
8.42000, 19.48646, 11.45725, 10.85715, 0.41000, -4.73622, 6.70383, 233.50000, -0.00000, 0.00000
8.44000, 19.65642, 4.24900, 10.86527, 0.40200, -4.73237, 6.71507, 233.50000, -0.00000, 0.00000
8.46000, 19.65642, 3.86800, 10.87323, 0.39400, -4.73237, 6.71507, 233.50000, -0.00000, 0.00000
8.48000, 19.81114, 7.55050, 10.88103, 0.38600, -4.72922, 6.72417, 233.50000, -0.00000, 0.00000
8.50000, 19.95844, 3.68250, 10.88867, 0.37800, -4.72456, 6.73754, 233.50000, 0.07806, -0.10474
8.52000, 19.95844, 3.51650, 10.89615, 0.37000, -4.72456, 6.73754, 233.50000, 0.07806, -0.10474
8.54000, 20.09910, 6.90600, 10.90347, 0.36200, -4.72175, 6.74555, 233.50000, 0.07806, -0.10474
8.56000, 20.23468, 3.38950, 10.91063, 0.35400, -4.71855, 6.75461, 233.50000, 0.17459, -0.12718
8.58000, 20.23468, 3.42850, 10.91763, 0.34600, -4.71855, 6.75461, 233.50000, 0.17459, -0.12718
8.60000, 20.37182, 6.76925, 10.92447, 0.33800, -4.71383, 6.76783, 233.50000, 0.17459, -0.12718
8.62000, 20.50545, 6.68125, 10.93115, 0.33000, -4.71047, 6.77721, 233.50000, 0.32167, -0.17026
8.64000, 20.63907, 3.34050, 10.93767, 0.32200, -4.70768, 6.78492, 233.50000, 0.32167, -0.17026
8.66000, 20.63907, 3.29200, 10.94403, 0.31400, -4.70768, 6.78492, 233.50000, 0.32167, -0.17026
8.68000, 20.77075, 3.29200, 10.95023, 0.30600, -4.70257, 6.79894, 233.50000, 1.00000, -0.59700
8.70000, 20.77075, 3.24300, 10.95627, 0.29800, -4.70257, 6.79894, 233.50000, 1.00000, -0.59700
8.72000, 20.90047, 6.49575, 10.96215, 0.29000, -4.69989, 6.80626, 233.50000, 1.00000, -0.59700
8.74000, 21.03058, 3.25275, 10.96787, 0.28200, -4.69549, 6.81818, 233.50000, 1.00000, -1.00000
8.76000, 21.03058, 2.93050, 10.97343, 0.27400, -4.69549, 6.81818, 233.50000, 1.00000, -1.00000
8.78000, 21.14780, 2.93050, 10.97883, 0.26600, -4.69322, 6.82426, 233.50000, 1.00000, -1.00000
8.80000, 21.14780, 2.66675, 10.98407, 0.25800, -4.69322, 6.82426, 233.50000, 1.00000, -1.00000
8.82000, 21.25447, 5.48050, 10.98915, 0.25000, -4.68979, 6.83345, 233.50000, 1.00000, -1.00000
8.84000, 21.36702, 2.81375, 10.99407, 0.24200, -4.68556, 6.84468, 233.50000, 1.00000, -1.00000
8.86000, 21.36702, 0.00000, 10.99883, 0.23400, -4.68556, 6.84468, 233.50000, 1.00000, -1.00000
8.88000, 21.36702, 0.00000, 11.00343, 0.22600, -4.68162, 6.85510, 233.50000, 1.00000, -1.00000
8.90000, 21.36702, 1.69125, 11.00787, 0.21800, -4.68162, 6.85510, 233.50000, 1.00000, -1.00000
8.92000, 21.43467, 1.69125, 11.01215, 0.21000, -4.67939, 6.86100, 233.50000, 1.00000, -1.00000
8.94000, 21.43467, 0.72350, 11.01627, 0.20200, -4.67939, 6.86100, 233.50000, 1.00000, -1.00000
8.96000, 21.46361, 1.56400, 11.02023, 0.19400, -4.67552, 6.87118, 233.50000, 1.00000, -1.00000
8.98000, 21.49723, 0.84050, 11.02403, 0.18600, -4.67225, 6.87976, 233.50000, 1.00000, -1.00000
9.00000, 21.49723, 1.05550, 11.02767, 0.17800, -4.67225, 6.87976, 233.50000, 1.00000, -1.00000
9.02000, 21.53945, 1.05550, 11.03115, 0.17000, -4.66969, 6.88648, 233.50000, -0.00000, -1.00000
9.04000, 21.53945, 1.32900, 11.03447, 0.16200, -4.66969, 6.88648, 233.50000, -0.00000, -1.00000
9.06000, 21.59261, 1.32900, 11.03763, 0.15400, -4.66750, 6.89222, 233.50000, -0.00000, -1.00000
9.08000, 21.59261, 0.00000, 11.04063, 0.14600, -4.66750, 6.89222, 233.50000, -0.00000, -1.00000
9.10000, 21.59261, 1.06525, 11.04347, 0.13800, -4.66514, 6.89839, 233.50000, -0.00000, -1.00000
9.12000, 21.63522, 1.06525, 11.04615, 0.13000, -4.66192, 6.90678, 233.50000, -0.00000, 0.00000
9.14000, 21.63522, 0.82125, 11.04867, 0.12200, -4.66192, 6.90678, 233.50000, -0.00000, 0.00000
9.16000, 21.66807, 0.82125, 11.05103, 0.11400, -4.65985, 6.91217, 233.50000, -0.00000, 0.00000
9.18000, 21.66807, 0.50850, 11.05323, 0.10600, -4.65985, 6.91217, 233.50000, -0.00000, 0.00000
9.20000, 21.68841, 0.50850, 11.05527, 0.09800, -4.65801, 6.91696, 233.50000, -0.00000, 0.00000
9.22000, 21.68841, 0.14750, 11.05715, 0.09000, -4.65801, 6.91696, 233.50000, -0.00000, 0.00000
9.24000, 21.69431, 0.14750, 11.05887, 0.08200, -4.65640, 6.92113, 233.50000, -0.00000, 0.00000
9.26000, 21.69431, -0.18475, 11.06043, 0.07400, -4.65640, 6.92113, 233.50000, -0.00000, 0.00000
9.28000, 21.68692, -0.44775, 11.06183, 0.06600, -4.65457, 6.92587, 233.50000, -0.00000, 0.00000
9.30000, 21.67640, -0.26300, 11.06307, 0.05800, -4.65241, 6.93150, 233.50000, -0.00000, 0.00000
9.32000, 21.67640, -0.42875, 11.06415, 0.05000, -4.65241, 6.93150, 233.50000, -0.00000, 0.00000
9.34000, 21.65925, -1.16000, 11.06507, 0.04200, -4.65148, 6.93392, 233.50000, -0.00000, 0.00000
9.36000, 21.63000, -1.96000, 11.06583, 0.03400, -4.64986, 6.93814, 233.50000, -0.00000, 0.00000
9.38000, 21.58085, 0.13029, 11.06643, 0.02600, -4.64843, 6.94188, 233.50000, -0.00000, 0.00000
9.39500, 21.63456, 1.53457, 11.06678, 0.00000, -4.64678, 6.94617, 233.50000, -0.00000, 0.00000
9.41500, 21.63456, 0.00000, 11.06670, -0.00800, -4.64678, 6.94617, 233.50000, -0.00000, 0.00000
9.43500, 21.63456, 0.00000, 11.06646, -0.01600, -4.64678, 6.94617, 233.50000, -0.00000, 0.00000
9.45500, 21.63456, 0.00000, 11.06606, -0.02400, -4.64678, 6.94617, 233.50000, -0.00000, 0.00000
9.47500, 21.63456, 0.00000, 11.06550, -0.03200, -4.64678, 6.94617, 233.50000, -0.00000, 0.00000
9.49500, 21.63456, 0.00000, 11.06478, -0.04000, -4.64678, 6.94617, 233.50000, -0.00000, 0.00000
9.51500, 21.63456, -0.71200, 11.06390, -0.04800, -4.64678, 6.94617, 233.50000, -0.00000, 0.00000
9.53500, 21.60608, -1.81475, 11.06286, -0.05600, -4.64686, 6.94596, 233.50000, -0.00000, 0.00000
9.55500, 21.56197, -2.39950, 11.06166, -0.06400, -4.64699, 6.94561, 233.50000, -0.00000, 0.00000
9.57500, 21.51010, 0.73700, 11.06030, -0.07200, -4.64746, 6.94440, 233.50000, -0.00000, 0.00000
9.59500, 21.59145, 3.53850, 11.05878, -0.08000, -4.64832, 6.94214, 233.50000, -0.00000, 0.00000
9.61500, 21.65164, 3.10875, 11.05710, -0.08800, -4.64874, 6.94104, 233.50000, -0.00000, 0.00000
9.63500, 21.71580, -0.38650, 11.05526, -0.09600, -4.64948, 6.93912, 233.50000, -0.00000, 0.00000
9.65500, 21.63618, -3.25825, 11.05326, -0.10400, -4.65011, 6.93749, 233.50000, -0.00000, 0.00000
9.67500, 21.58547, -0.98375, 11.05110, -0.11200, -4.65059, 6.93622, 233.50000, -0.00000, 0.00000
9.69500, 21.59683, 1.34925, 11.04878, -0.12000, -4.65098, 6.93522, 233.50000, -0.00000, 0.00000
9.71500, 21.63944, 2.46300, 11.04630, -0.12800, -4.65126, 6.93448, 233.50000, -0.00000, 0.00000
9.73500, 21.69535, 2.10175, 11.04366, -0.13600, -4.65176, 6.93320, 233.50000, -0.00000, 0.00000
9.75500, 21.72351, 0.89025, 11.04086, -0.14400, -4.65222, 6.93199, 233.50000, -0.00000, 0.00000
9.77500, 21.73096, 0.04050, 11.03790, -0.15200, -4.65269, 6.93077, 233.50000, -0.00000, 0.00000
9.79500, 21.72513, -0.58425, 11.03478, -0.16000, -4.65352, 6.92861, 233.50000, -0.00000, 0.00000
9.81500, 21.70759, -1.12125, 11.03150, -0.16800, -4.65431, 6.92657, 233.50000, -0.00000, 0.00000
9.83500, 21.68028, -1.52175, 11.02806, -0.17600, -4.65505, 6.92466, 233.50000, -0.00000, 0.00000
9.85500, 21.64672, -1.77575, 11.02446, -0.18400, -4.65596, 6.92229, 233.50000, -0.00000, 0.00000
9.87500, 21.60925, -1.90275, 11.02070, -0.19200, -4.65729, 6.91881, 233.50000, -0.00000, 0.00000
9.89500, 21.57061, -1.74625, 11.01678, -0.20000, -4.65826, 6.91627, 233.50000, -0.00000, 0.00000
9.91500, 21.53940, -0.78025, 11.01270, -0.20800, -4.65929, 6.91358, 233.50000, -0.00000, 0.00000
9.93500, 21.53940, -0.52650, 11.00846, -0.21600, -4.66096, 6.90921, 233.50000, -0.00000, 0.00000
9.95500, 21.51834, -0.75050, 11.00406, -0.22400, -4.66199, 6.90653, 233.50000, -0.00000, 0.00000
9.97500, 21.50938, -0.45750, 10.99950, -0.23200, -4.66375, 6.90191, 233.50000, -0.00000, 0.00000
9.99500, 21.50004, -0.58425, 10.99478, -0.24000, -4.66503, 6.89854, 233.50000, -0.00000, 0.00000
10.01500, 21.48601, -0.89625, 10.98990, -0.24800, -4.66685, 6.89376, 233.50000, -0.00000, 0.00000
10.03500, 21.46419, -0.77900, 10.98486, -0.25600, -4.66831, 6.88994, 233.50000, -0.00000, 0.00000
10.05500, 21.45485, -0.60400, 10.97966, -0.26400, -4.66953, 6.88672, 233.50000, -0.00000, 0.00000
10.07500, 21.44003, -0.82850, 10.97430, -0.27200, -4.67150, 6.88154, 233.50000, -0.00000, 0.00000
10.09500, 21.42171, -1.01375, 10.96878, -0.28000, -4.67325, 6.87694, 233.50000, -0.00000, 0.00000
10.11500, 21.39948, -1.01400, 10.96310, -0.28800, -4.67455, 6.87349, 233.50000, -0.00000, 0.00000
10.13500, 21.38115, -1.04325, 10.95726, -0.29600, -4.67703, 6.86695, 233.50000, -0.00000, 0.00000
10.15500, 21.35775, -0.58500, 10.95126, -0.30400, -4.67848, 6.86314, 233.50000, -0.00000, 0.00000
10.17500, 21.35775, -1.63825, 10.94510, -0.31200, -4.68021, 6.85856, 233.50000, -0.00000, 0.00000
10.19500, 21.29222, -1.63825, 10.93878, -0.32000, -4.68432, 6.84769, 233.50000, -0.00000, 0.00000
10.21500, 21.29222, -1.94175, 10.93230, -0.32800, -4.68683, 6.84102, 233.50000, -0.00000, 0.00000
10.23500, 21.21455, -5.09400, 10.92566, -0.33600, -4.68810, 6.83763, 233.50000, -0.00000, 0.00000
10.25500, 21.08846, -3.15225, 10.91886, -0.34400, -4.69182, 6.82771, 233.50000, -0.00000, 0.00000
10.27500, 21.08846, -1.85375, 10.91190, -0.35200, -4.69320, 6.82402, 233.50000, -0.00000, 0.00000
10.29500, 21.01431, -2.39900, 10.90478, -0.36000, -4.69555, 6.81770, 233.50000, -0.00000, 0.00000
10.31500, 20.99250, -0.54525, 10.89750, -0.36800, -4.69870, 6.80921, 233.50000, -0.00000, 0.00000
10.33500, 20.99250, -0.99450, 10.89006, -0.37600, -4.69986, 6.80607, 233.50000, -0.00000, 0.00000
10.35500, 20.95272, -1.90175, 10.88246, -0.38400, -4.70333, 6.79672, 233.50000, -0.00000, 0.00000
10.37500, 20.91643, -2.68300, 10.87470, -0.39200, -4.70568, 6.79037, 233.50000, -0.00000, 0.00000
10.39500, 20.84540, -2.45850, 10.86678, -0.40000, -4.70890, 6.78162, 233.50000, -0.00000, 0.00000
10.41500, 20.81809, -1.33625, 10.85870, -0.40800, -4.71046, 6.77738, 233.50000, -0.00000, 0.00000
10.43500, 20.79195, -2.08700, 10.85046, -0.41600, -4.71263, 6.77146, 233.50000, -0.00000, 0.00000
10.45500, 20.73461, -1.68650, 10.84206, -0.42400, -4.71601, 6.76224, 233.50000, -0.00000, 0.00000
10.47500, 20.72449, -0.44750, 10.83350, -0.43200, -4.71830, 6.75598, 233.50000, -0.00000, 0.00000
10.49500, 20.71671, -1.36475, 10.82478, -0.44000, -4.71980, 6.75187, 233.50000, -0.00000, 0.00000
10.51500, 20.66990, -2.29250, 10.81590, -0.44800, -4.72401, 6.74034, 233.50000, -0.00000, 0.00000
10.53500, 20.62501, -1.12225, 10.80686, -0.45600, -4.72641, 6.73375, 233.50000, -0.00000, 0.00000
10.55500, 20.62501, -2.42025, 10.79766, -0.46400, -4.72793, 6.72958, 233.50000, -0.00000, 0.00000
10.57500, 20.52820, -3.30800, 10.78830, -0.47200, -4.73262, 6.71663, 233.50000, -0.00000, 0.00000
10.59500, 20.49269, -1.32650, 10.77878, -0.48000, -4.73573, 6.70802, 233.50000, -0.00000, 0.00000
10.61500, 20.47514, -0.85700, 10.76910, -0.48800, -4.73762, 6.70279, 233.50000, -0.00000, 0.00000
10.63500, 20.45841, -0.50525, 10.75926, -0.49600, -4.74207, 6.69044, 233.50000, -0.00000, 0.00000
10.65500, 20.45493, -0.37800, 10.74926, -0.50400, -4.74551, 6.68090, 233.50000, -0.00000, 0.00000
10.67500, 20.44329, -0.54400, 10.73910, -0.51200, -4.74954, 6.66972, 233.50000, -0.00000, 0.00000
10.69500, 20.43317, -0.50525, 10.72878, -0.52000, -4.75300, 6.66009, 233.50000, -0.00000, 0.00000
10.71500, 20.42308, -0.00725, 10.71830, -0.52800, -4.75699, 6.64900, 233.50000, -0.00000, 0.00000
10.73500, 20.43288, 1.47700, 10.70766, -0.53600, -4.75912, 6.64309, 233.50000, -0.00000, 0.00000
10.75500, 20.48216, 2.95250, 10.69686, -0.54400, -4.76418, 6.62905, 233.50000, -0.00000, 0.00000
10.77500, 20.55098, 3.18700, 10.68590, -0.55200, -4.76848, 6.61715, 233.50000, -0.00000, 0.00000
10.79500, 20.60964, 2.01500, 10.67478, -0.56000, -4.77316, 6.60425, 233.50000, -0.00000, 0.00000
10.81500, 20.63158, 0.74600, 10.66350, -0.56800, -4.77689, 6.59398, 233.50000, -0.00000, 0.00000
10.83500, 20.63948, 0.58900, 10.65206, -0.57600, -4.78015, 6.58503, 233.50000, -0.00000, 0.00000
10.85500, 20.65514, 1.53550, 10.64046, -0.58400, -4.78386, 6.57483, 233.50000, -0.00000, 0.00000
10.87500, 20.70090, 2.01500, 10.62870, -0.59200, -4.78798, 6.56352, 0.10000, -0.00000, 0.00000
10.89500, 20.73574, 1.27300, 10.61678, -0.60000, -4.79125, 6.55458, 0.10000, -0.00000, 0.00000
10.91500, 20.75182, 0.91150, 10.60470, -0.60800, -4.79542, 6.54320, 0.10000, -0.00000, 0.00000
10.93500, 20.77220, 1.73175, 10.59246, -0.61600, -4.79938, 6.53238, 0.10000, -0.00000, 0.00000
10.95500, 20.82109, 4.36900, 10.58006, -0.62400, -4.80420, 6.51926, 0.10000, -0.00000, 0.00000
10.97500, 20.94696, 4.88575, 10.56750, -0.63200, -4.80819, 6.50839, 0.10000, -0.00000, 0.00000
10.99500, 21.01652, 5.02200, 10.55478, -0.64000, -4.81188, 6.49844, 0.10000, -0.00000, 0.00000
11.01500, 21.14784, 5.63800, 10.54190, -0.64800, -4.81606, 6.48722, 0.10000, -0.00000, 0.00000
11.03500, 21.24204, 3.08825, 10.52886, -0.65600, -4.82126, 6.47334, 0.10000, -0.00000, 0.00000
11.05500, 21.27137, 1.60400, 10.51566, -0.66400, -4.82468, 6.46423, 0.10000, -0.00000, 0.00000
11.07500, 21.30620, 1.39900, 10.50230, -0.67200, -4.82986, 6.45049, 0.10000, -0.00000, 0.00000
11.09500, 21.32733, 2.35600, 10.48878, -0.68000, -4.83522, 6.43629, 0.10000, -0.00000, 0.00000
11.11500, 21.40044, 5.97050, 10.47510, -0.68800, -4.83992, 6.42387, 0.10000, -0.00000, 0.00000
11.13500, 21.56615, 7.88475, 10.46126, -0.69600, -4.84530, 6.40976, 0.10000, -0.00000, 0.00000
11.15500, 21.71583, 7.13225, 10.44726, -0.70400, -4.85078, 6.39549, 0.10000, -0.00000, 0.00000
11.17500, 21.85144, 6.45825, 10.43310, -0.71200, -4.85655, 6.38061, 0.10000, -0.00000, 0.00000
11.19500, 21.97416, 6.06775, 10.41878, -0.72000, -4.86075, 6.36984, 0.10000, -0.00000, 0.00000
11.21500, 22.09415, 5.76500, 10.40430, -0.72800, -4.86660, 6.35491, 0.10000, -0.00000, 0.00000
11.23500, 22.20476, 4.38800, 10.38966, -0.73348, -4.87174, 6.34189, 0.10000, -0.00000, 0.00000
11.25500, 22.26967, 2.97250, 10.37516, -0.71628, -4.87774, 6.32673, 0.10000, -0.00000, 0.00000
11.27500, 22.32366, 3.45100, 10.36101, -0.69908, -4.88227, 6.31534, 0.10000, -0.00000, 0.00000
11.29500, 22.40771, 3.32275, 10.34720, -0.68188, -4.88742, 6.30241, 0.10000, -0.00000, 0.00000
11.31500, 22.45657, 2.89325, 10.33374, -0.66468, -4.89026, 6.29531, 0.10000, -0.00000, 0.00000
11.33500, 22.52344, 2.42525, 10.32061, -0.64748, -4.89509, 6.28328, 0.10000, -0.00000, 0.00000
11.35500, 22.55358, 2.15175, 10.30784, -0.63028, -4.90081, 6.26907, 0.10000, -0.00000, 0.00000
11.37500, 22.60951, 3.44075, 10.29540, -0.61308, -4.90624, 6.25557, 0.10000, -0.00000, 0.00000
11.39500, 22.69121, 2.78600, 10.28331, -0.59588, -4.91122, 6.24326, 0.10000, -0.00000, 0.00000
11.41500, 22.72095, 0.83300, 10.27157, -0.57868, -4.91489, 6.23421, 0.10000, -0.00000, 0.00000
11.43500, 22.72453, -0.09425, 10.26017, -0.56148, -4.92033, 6.22080, 0.10000, -0.00000, 0.00000
11.45500, 22.71718, 0.03175, 10.24911, -0.54428, -4.92498, 6.20933, 0.10000, -0.00000, 0.00000
11.47500, 22.72580, 0.74450, 10.23839, -0.52708, -4.92687, 6.20466, 0.10000, -0.00000, 0.00000
11.49500, 22.74696, 0.93025, 10.22802, -0.50988, -4.93258, 6.19060, 0.10000, -0.00000, 0.00000
11.51500, 22.76301, 0.57875, 10.21800, -0.49268, -4.93443, 6.18606, 0.10000, -0.00000, 0.00000
11.53500, 22.77011, -0.05600, 10.20832, -0.47548, -4.93926, 6.17418, 0.10000, -0.00000, 0.00000
11.55500, 22.76077, -0.45725, 10.19898, -0.45828, -4.94203, 6.16737, 0.10000, -0.00000, 0.00000
11.57500, 22.75182, -0.54525, 10.18999, -0.44108, -4.94651, 6.15633, 0.10000, -0.00000, 0.00000
11.59500, 22.73896, -0.28050, 10.18134, -0.42388, -4.94846, 6.15154, 0.10000, -0.00000, 0.00000
11.61500, 22.74060, -0.22175, 10.17303, -0.40668, -4.95302, 6.14030, 0.10000, -0.00000, 0.00000
11.63500, 22.73009, -0.76000, 10.16507, -0.38948, -4.95586, 6.13330, 0.10000, -0.00000, 0.00000
11.65500, 22.71020, -1.93100, 10.15745, -0.37228, -4.95801, 6.12801, 0.10000, -0.00000, 0.00000
11.67500, 22.65285, -2.23375, 10.15018, -0.35508, -4.96283, 6.11610, 0.10000, -0.00000, 0.00000
11.69500, 22.62085, -2.29250, 10.14325, -0.33788, -4.96532, 6.10993, 0.10000, -0.00000, 0.00000
11.71500, 22.56115, -2.15575, 10.13666, -0.32068, -4.96935, 6.09995, 0.10000, -0.00000, 0.00000
11.73500, 22.53462, -1.10200, 10.13042, -0.30348, -4.97085, 6.09622, 0.10000, -0.00000, 0.00000
11.75500, 22.51707, -0.76900, 10.12452, -0.28628, -4.97517, 6.08546, 0.10000, -0.00000, 0.00000
11.77500, 22.50386, -0.33025, 10.11897, -0.26908, -4.97650, 6.08215, 0.10000, -0.00000, 0.00000
11.79500, 22.50386, 0.10825, 10.11376, -0.25188, -4.97788, 6.07871, 0.10000, -0.00000, 0.00000
11.81500, 22.50819, -0.24200, 10.10890, -0.23468, -4.97990, 6.07367, 0.10000, -0.00000, 0.00000
11.83500, 22.49418, -1.35450, 10.10437, -0.21748, -4.98124, 6.07034, 0.10000, -0.00000, 0.00000
11.85500, 22.45401, -1.68700, 10.10020, -0.20028, -4.98447, 6.06227, 0.10000, -0.00000, 0.00000
11.87500, 22.42670, -1.23875, 10.09636, -0.18308, -4.98570, 6.05918, 0.10000, -0.00000, 0.00000
11.89500, 22.40446, -0.93600, 10.09287, -0.16588, -4.98748, 6.05473, 0.10000, -0.00000, 0.00000
11.91500, 22.38926, -0.77950, 10.08973, -0.14868, -4.98874, 6.05159, 0.10000, -0.00000, 0.00000
11.93500, 22.37328, -0.93575, 10.08693, -0.13148, -4.99031, 6.04764, 0.10000, -0.00000, 0.00000
11.95500, 22.35183, -0.92600, 10.08447, -0.11428, -4.99158, 6.04445, 0.10000, -0.00000, 0.00000
11.97500, 22.33624, -0.43775, 10.08235, -0.09708, -4.99290, 6.04114, 0.10000, -0.00000, 0.00000
11.99500, 22.33432, -0.04800, 10.08058, -0.07988, -4.99383, 6.03881, 0.10000, -0.00000, 0.00000
12.01500, 22.33432, 0.00000, 10.07916, -0.06268, -4.99479, 6.03638, 0.10000, -0.00000, 0.00000
12.03500, 22.33432, 0.24500, 10.07808, -0.04548, -4.99479, 6.03638, 0.10000, -0.00000, 0.00000
12.05500, 22.34412, 1.97615, 10.07734, -0.02828, -4.99606, 6.03319, 0.10000, -0.00000, 0.00000
12.07400, 22.41139, 1.72487, 10.07696, 0.00000, -5.00007, 6.02315, 0.10000, -0.00000, 0.00000
12.09400, 22.41139, 0.00000, 10.07713, 0.01594, -5.00007, 6.02315, 0.10000, -0.00000, 0.00000
12.11400, 22.41139, -0.37419, 10.07737, 0.00794, -5.00007, 6.02315, 0.10000, -0.00000, 0.00000
12.12500, 22.39979, -0.37419, 10.07743, 0.00000, -5.00001, 6.02329, 0.10000, -0.00000, 0.00000
12.14500, 22.39979, 0.91875, 10.07760, 0.01720, -5.00001, 6.02329, 0.10000, -0.00000, 0.00000
12.16500, 22.43654, 0.91875, 10.07812, 0.03440, -4.99994, 6.02348, 0.10000, -0.00000, 0.00000
12.18500, 22.43654, 1.36900, 10.07898, 0.05160, -4.99994, 6.02348, 0.10000, -0.00000, 0.00000
12.20500, 22.49130, 1.20375, 10.08018, 0.06628, -4.99957, 6.02439, 0.10000, -0.00000, 0.00000
12.22500, 22.48469, -0.72025, 10.08143, 0.05828, -4.99925, 6.02520, 0.10000, -0.00000, 0.00000
12.24500, 22.46249, -0.39625, 10.08251, 0.05028, -4.99866, 6.02666, 0.10000, -0.00000, 0.00000
12.26500, 22.46884, -0.18500, 10.08344, 0.04228, -4.99756, 6.02941, 0.10000, -0.00000, 0.00000
12.28500, 22.45509, -0.34375, 10.08420, 0.03428, -4.99675, 6.03144, 0.10000, -0.00000, 0.00000
12.30500, 22.45509, 0.00000, 10.08481, 0.02628, -4.99675, 6.03144, 0.10000, -0.00000, 0.00000
12.32500, 22.45509, 0.17081, 10.08525, 0.01828, -4.99675, 6.03144, 0.10000, -0.00000, 0.00000
12.34200, 22.46141, 0.17081, 10.08551, 0.00000, -4.99672, 6.03151, 0.10000, -0.00000, 0.00000
12.36200, 22.46141, -0.52622, 10.08543, -0.00800, -4.99672, 6.03151, 0.10000, -0.00000, 0.00000
12.37900, 22.44194, -0.52622, 10.08527, 0.00000, -4.99673, 6.03150, 0.10000, -0.00000, 0.00000
12.39900, 22.44194, 0.00000, 10.08519, -0.00800, -4.99673, 6.03150, 0.10000, -0.00000, 0.00000
12.41900, 22.44194, 0.44038, 10.08496, -0.01096, -4.99673, 6.03150, 0.10000, -0.00000, 0.00000
12.42500, 22.45339, 0.44038, 10.08491, 0.00000, -4.99699, 6.03085, 0.10000, -0.00000, 0.00000
12.44500, 22.45339, 0.49333, 10.08506, 0.00964, -4.99699, 6.03085, 0.10000, -0.00000, 0.00000
12.45800, 22.46967, 0.49333, 10.08515, 0.00000, -4.99694, 6.03097, 0.10000, -0.00000, 0.00000
12.47800, 22.46967, -0.26900, 10.08532, 0.01342, -4.99694, 6.03097, 0.10000, -0.00000, 0.00000
12.49800, 22.45891, -0.26900, 10.08551, 0.00000, -4.99690, 6.03107, 0.10000, -0.00000, 0.00000
12.51800, 22.45891, 0.00000, 10.08566, 0.00964, -4.99690, 6.03107, 0.10000, -0.00000, 0.00000
